Product Name,Cash Value ($),Voucher Value ($),CeX Sell Price ($),Voucher Bonus ($),Cash % of Sell,Trade % of Sell,Category,Category ID,System / Platform,Stock Status,Barcode / ID,CeX Sell Link
Lego Indiana Jones,2.00,4.00,10.00,2.00,20.0%,40.0%,Wii Games,795,"Gaming Software, Wii",Store & Online,023272006587,https://au.webuy.com/sell/product-detail?id=023272006587
Wii Play (Game Only),0.30,0.70,2.50,0.40,12.0%,28.0%,Wii Games,795,"Gaming Software, Wii",Store & Online,045496890117,https://au.webuy.com/sell/product-detail?id=045496890117
Wii Sports (Normal DVD Case),1.40,2.00,5.00,0.60,28.0%,40.0%,Wii Games,795,"Gaming Software, Wii",Store & Online,045496362119,https://au.webuy.com/sell/product-detail?id=045496362119
Carnival Funfair Games: Mini Golf,2.00,3.00,8.00,1.00,25.0%,37.5%,Wii Games,795,"Gaming Software, Wii",Store & Online,5026555042826,https://au.webuy.com/sell/product-detail?id=5026555042826
"Legend of Spyro, The: The Eternal Night",2.00,3.00,8.00,1.00,25.0%,37.5%,Wii Games,795,"Gaming Software, Wii",Store & Online,3348542212985,https://au.webuy.com/sell/product-detail?id=3348542212985
Big Beach Sports 2,0.60,1.10,4.00,0.50,15.0%,27.5%,Wii Games,795,"Gaming Software, Wii",Store & Online,4005209133661,https://au.webuy.com/sell/product-detail?id=4005209133661
Big Family Games,0.40,0.80,3.00,0.40,13.3%,26.7%,Wii Games,795,"Gaming Software, Wii",Store & Online,4005209119825,https://au.webuy.com/sell/product-detail?id=4005209119825
Wii Fit Plus - Game Only,0.00,0.00,2.00,0.00,0.0%,0.0%,Wii Games,795,"Gaming Software, Wii",Store & Online,045496901707,https://au.webuy.com/sell/product-detail?id=045496901707
Just Dance,1.60,2.00,6.00,0.40,26.7%,33.3%,Wii Games,795,"Gaming Software, Wii",Store & Online,3307211686182,https://au.webuy.com/sell/product-detail?id=3307211686182
Carnival Games,1.60,2.00,6.00,0.40,26.7%,33.3%,Wii Games,795,"Gaming Software, Wii",Store & Online,5026555042123,https://au.webuy.com/sell/product-detail?id=5026555042123
Big Brain Academy: Wii Degree,0.30,0.50,2.00,0.20,15.0%,25.0%,Wii Games,795,"Gaming Software, Wii",Store & Online,045496900175,https://au.webuy.com/sell/product-detail?id=045496900175
Need For Speed Undercover,1.40,2.00,5.00,0.60,28.0%,40.0%,Wii Games,795,"Gaming Software, Wii",Store & Online,5030930067519,https://au.webuy.com/sell/product-detail?id=5030930067519
Guitar Hero World Tour (No Guitar),2.00,3.00,8.00,1.00,25.0%,37.5%,Wii Games,795,"Gaming Software, Wii",Store & Online,5030917061813,https://au.webuy.com/sell/product-detail?id=5030917061813
FIFA 10,1.10,1.80,4.00,0.70,27.5%,45.0%,Wii Games,795,"Gaming Software, Wii",Store & Online,5030930078027,https://au.webuy.com/sell/product-detail?id=5030930078027
UDraw Studio (Game Only),0.05,0.05,1.00,0.00,5.0%,5.0%,Wii Games,795,"Gaming Software, Wii",Store & Online,4005209140881S,https://au.webuy.com/sell/product-detail?id=4005209140881S
Hasbro Family Game Night,1.40,2.00,5.00,0.60,28.0%,40.0%,Wii Games,795,"Gaming Software, Wii",Store & Online,5030930066178,https://au.webuy.com/sell/product-detail?id=5030930066178
Just Dance 2,2.00,4.00,10.00,2.00,20.0%,40.0%,Wii Games,795,"Gaming Software, Wii",Store & Online,3307217926572,https://au.webuy.com/sell/product-detail?id=3307217926572
Just Dance 3,2.00,4.00,10.00,2.00,20.0%,40.0%,Wii Games,795,"Gaming Software, Wii",Store & Online,3307215586921,https://au.webuy.com/sell/product-detail?id=3307215586921
Wii Music,2.00,4.00,10.00,2.00,20.0%,40.0%,Wii Games,795,"Gaming Software, Wii",Store & Online,045496901301,https://au.webuy.com/sell/product-detail?id=045496901301
"Toy Story 3, The Game",2.00,3.00,8.00,1.00,25.0%,37.5%,Wii Games,795,"Gaming Software, Wii",Store & Online,8717418266028,https://au.webuy.com/sell/product-detail?id=8717418266028
Dodge Racing: Charger Vs Challenger,0.40,0.80,3.00,0.40,13.3%,26.7%,Wii Games,795,"Gaming Software, Wii",Store & Online,5055377600327,https://au.webuy.com/sell/product-detail?id=5055377600327
Need For Speed - Pro Street,0.50,0.80,5.00,0.30,10.0%,16.0%,Wii Games,795,"Gaming Software, Wii",Store & Online,5030930059385,https://au.webuy.com/sell/product-detail?id=5030930059385
Wall-E,1.20,2.00,8.00,0.80,15.0%,25.0%,Wii Games,795,"Gaming Software, Wii",Store & Online,4005209105521,https://au.webuy.com/sell/product-detail?id=4005209105521
Drawn To Life: The Next Chapter,0.40,0.80,3.00,0.40,13.3%,26.7%,Wii Games,795,"Gaming Software, Wii",Store & Online,4005209127967,https://au.webuy.com/sell/product-detail?id=4005209127967
De Blob,0.30,0.50,2.00,0.20,15.0%,25.0%,Wii Games,795,"Gaming Software, Wii",Store & Online,4005209108478,https://au.webuy.com/sell/product-detail?id=4005209108478
Big Beach Sports,0.30,0.50,2.00,0.20,15.0%,25.0%,Wii Games,795,"Gaming Software, Wii",Store & Online,4005209105255,https://au.webuy.com/sell/product-detail?id=4005209105255
Mario Power Tennis,2.00,3.00,8.00,1.00,25.0%,37.5%,Wii Games,795,"Gaming Software, Wii",Store & Online,045496901424,https://au.webuy.com/sell/product-detail?id=045496901424
Link's Crossbow Training (W/O Zapper),0.10,0.20,1.00,0.10,10.0%,20.0%,Wii Games,795,"Gaming Software, Wii",Store & Online,045496364632,https://au.webuy.com/sell/product-detail?id=045496364632
World Sports Party,1.40,2.00,5.00,0.60,28.0%,40.0%,Wii Games,795,"Gaming Software, Wii",Store & Online,3307211629813,https://au.webuy.com/sell/product-detail?id=3307211629813
Cricket (Game Only),0.30,0.50,2.00,0.20,15.0%,25.0%,Wii Games,795,"Gaming Software, Wii",Store & Online,5024866340648,https://au.webuy.com/sell/product-detail?id=5024866340648
LEGO Batman - The Videogame,2.00,3.00,8.00,1.00,25.0%,37.5%,Wii Games,795,"Gaming Software, Wii",Store & Online,9325336043721,https://au.webuy.com/sell/product-detail?id=9325336043721
Rugby League 3,1.40,2.00,5.00,0.60,28.0%,40.0%,Wii Games,795,"Gaming Software, Wii",Store & Online,9312590131066,https://au.webuy.com/sell/product-detail?id=9312590131066
Monopoly,1.40,2.00,5.00,0.60,28.0%,40.0%,Wii Games,795,"Gaming Software, Wii",Store & Online,5030930065966,https://au.webuy.com/sell/product-detail?id=5030930065966
Rayman Raving Rabbids TV,1.10,1.80,4.00,0.70,27.5%,45.0%,Wii Games,795,"Gaming Software, Wii",Store & Online,3307211503458,https://au.webuy.com/sell/product-detail?id=3307211503458
Avatar - The Game,1.40,2.00,5.00,0.60,28.0%,40.0%,Wii Games,795,"Gaming Software, Wii",Store & Online,3307211678996,https://au.webuy.com/sell/product-detail?id=3307211678996
Donkey Kong Jungle Beat,1.40,2.00,5.00,0.60,28.0%,40.0%,Wii Games,795,"Gaming Software, Wii",Store & Online,0045496901479,https://au.webuy.com/sell/product-detail?id=0045496901479
Skate It,0.60,1.10,4.00,0.50,15.0%,27.5%,Wii Games,795,"Gaming Software, Wii",Store & Online,5030930067045,https://au.webuy.com/sell/product-detail?id=5030930067045
Teenage Mutant Ninja Turtles Smash Up,1.10,1.80,4.00,0.70,27.5%,45.0%,Wii Games,795,"Gaming Software, Wii",Store & Online,3307211683884,https://au.webuy.com/sell/product-detail?id=3307211683884
Marvel Super Hero Squad,0.50,0.80,5.00,0.30,10.0%,16.0%,Wii Games,795,"Gaming Software, Wii",Store & Online,4005209125888,https://au.webuy.com/sell/product-detail?id=4005209125888
Shaun White Snowboarding World Stage,0.30,0.50,2.00,0.20,15.0%,25.0%,Wii Games,795,"Gaming Software, Wii",Store & Online,3307211685284,https://au.webuy.com/sell/product-detail?id=3307211685284
Toy Story Mania (No Glasses),2.00,3.00,8.00,1.00,25.0%,37.5%,Wii Games,795,"Gaming Software, Wii",Store & Online,8717418230814,https://au.webuy.com/sell/product-detail?id=8717418230814
Kidz Sports: Crazy Mini Golf,0.50,0.90,3.50,0.40,14.3%,25.7%,Wii Games,795,"Gaming Software, Wii",Store & Online,5060048311242,https://au.webuy.com/sell/product-detail?id=5060048311242
Rabbids Go Home,2.00,4.00,10.00,2.00,20.0%,40.0%,Wii Games,795,"Gaming Software, Wii",Store & Online,3307211675285,https://au.webuy.com/sell/product-detail?id=3307211675285
My Sims,2.00,3.00,8.00,1.00,25.0%,37.5%,Wii Games,795,"Gaming Software, Wii",Store & Online,5030930057367,https://au.webuy.com/sell/product-detail?id=5030930057367
Wii Fit (Game Only),0.00,0.00,1.00,0.00,0.0%,0.0%,Wii Games,795,"Gaming Software, Wii",Store & Online,SWIIFITNB001,https://au.webuy.com/sell/product-detail?id=SWIIFITNB001
Lego - The Lord of The Rings,2.00,4.00,10.00,2.00,20.0%,40.0%,Wii Games,795,"Gaming Software, Wii",Store & Online,9325336160220,https://au.webuy.com/sell/product-detail?id=9325336160220
Goldeneye 007,2.00,4.00,10.00,2.00,20.0%,40.0%,Wii Games,795,"Gaming Software, Wii",Store & Online,5030917091018,https://au.webuy.com/sell/product-detail?id=5030917091018
Dora Saves The Snow Princess,0.50,0.90,3.50,0.40,14.3%,25.7%,Wii Games,795,"Gaming Software, Wii",Store & Online,5026555043038,https://au.webuy.com/sell/product-detail?id=5026555043038
Karaoke Revolution - Glee Vol-2,0.20,0.40,1.50,0.20,13.3%,26.7%,Wii Games,795,"Gaming Software, Wii",Store & Online,4012927094372,https://au.webuy.com/sell/product-detail?id=4012927094372
Glee Karaoke Revolution,0.05,0.05,1.00,0.00,5.0%,5.0%,Wii Games,795,"Gaming Software, Wii",Store & Online,4012927094327,https://au.webuy.com/sell/product-detail?id=4012927094327
Star Wars: The Force Unleashed,2.00,4.00,10.00,2.00,20.0%,40.0%,Wii Games,795,"Gaming Software, Wii",Store & Online,0023272005795,https://au.webuy.com/sell/product-detail?id=0023272005795
Ghost Squad,1.40,2.00,5.00,0.60,28.0%,40.0%,Wii Games,795,"Gaming Software, Wii",Store & Online,5060138434370,https://au.webuy.com/sell/product-detail?id=5060138434370
Lego Batman 2 (No Toy),2.00,4.00,10.00,2.00,20.0%,40.0%,Wii Games,795,"Gaming Software, Wii",Store & Online,5051892085366,https://au.webuy.com/sell/product-detail?id=5051892085366
"Lego Harry Potter, Years 1-4",2.00,4.00,10.00,2.00,20.0%,40.0%,Wii Games,795,"Gaming Software, Wii",Store & Online,5051892011310,https://au.webuy.com/sell/product-detail?id=5051892011310
TV Show King Party,0.40,0.80,3.00,0.40,13.3%,26.7%,Wii Games,795,"Gaming Software, Wii",Store & Online,3700515800009,https://au.webuy.com/sell/product-detail?id=3700515800009
Monster Hunter Tri,1.40,2.00,5.00,0.60,28.0%,40.0%,Wii Games,795,"Gaming Software, Wii",Store & Online,045496368456,https://au.webuy.com/sell/product-detail?id=045496368456
Smurfs 2,1.40,2.00,5.00,0.60,28.0%,40.0%,Wii Games,795,"Gaming Software, Wii",Store & Online,3307215724118,https://au.webuy.com/sell/product-detail?id=3307215724118
Nerf N-Strike (without Blaster),0.80,1.30,3.00,0.50,26.7%,43.3%,Wii Games,795,"Gaming Software, Wii",Store & Online,SWIINERE001,https://au.webuy.com/sell/product-detail?id=SWIINERE001
Gottlieb Pinball Classics,0.80,1.30,3.00,0.50,26.7%,43.3%,Wii Games,795,"Gaming Software, Wii",Store & Online,5060057025406,https://au.webuy.com/sell/product-detail?id=5060057025406
Game Party,1.40,2.00,5.00,0.60,28.0%,40.0%,Wii Games,795,"Gaming Software, Wii",Store & Online,5037930150388,https://au.webuy.com/sell/product-detail?id=5037930150388
Call Of Duty: Modern Warfare Reflex Ed.,2.00,3.00,8.00,1.00,25.0%,37.5%,Wii Games,795,"Gaming Software, Wii",Store & Online,5030917070891,https://au.webuy.com/sell/product-detail?id=5030917070891
World Championship Sports,1.40,2.00,5.00,0.60,28.0%,40.0%,Wii Games,795,"Gaming Software, Wii",Store & Online,5030917064227,https://au.webuy.com/sell/product-detail?id=5030917064227
Table Tennis,0.60,1.10,4.00,0.50,15.0%,27.5%,Wii Games,795,"Gaming Software, Wii",Store & Online,5026555041850,https://au.webuy.com/sell/product-detail?id=5026555041850
"My Fitness Coach, Dance workout",0.05,0.05,1.50,0.00,3.3%,3.3%,Wii Games,795,"Gaming Software, Wii",Store & Online,3307217919710,https://au.webuy.com/sell/product-detail?id=3307217919710
We Sing (Game Only),0.05,0.05,1.50,0.00,3.3%,3.3%,Wii Games,795,"Gaming Software, Wii",Store & Online,7340044300432,https://au.webuy.com/sell/product-detail?id=7340044300432
Chicken Blaster,0.40,0.80,3.00,0.40,13.3%,26.7%,Wii Games,795,"Gaming Software, Wii",Store & Online,5060184980043,https://au.webuy.com/sell/product-detail?id=5060184980043
Samba De Amigo,0.80,1.30,3.00,0.50,26.7%,43.3%,Wii Games,795,"Gaming Software, Wii",Store & Online,5060138438477,https://au.webuy.com/sell/product-detail?id=5060138438477
SEGA Bass Fishing (Game Only),1.40,2.00,5.00,0.60,28.0%,40.0%,Wii Games,795,"Gaming Software, Wii",Store & Online,5060138436732,https://au.webuy.com/sell/product-detail?id=5060138436732
Ben 10 - Alien Force,2.00,4.00,10.00,2.00,20.0%,40.0%,Wii Games,795,"Gaming Software, Wii",Store & Online,5060125482582,https://au.webuy.com/sell/product-detail?id=5060125482582
"Legends of the Guardians, Owls of Ga'Hoo",0.60,1.10,4.00,0.50,15.0%,27.5%,Wii Games,795,"Gaming Software, Wii",Store & Online,5051892018906,https://au.webuy.com/sell/product-detail?id=5051892018906
Lego Rock Band,0.30,0.50,2.00,0.20,15.0%,25.0%,Wii Games,795,"Gaming Software, Wii",Store & Online,5051892009850,https://au.webuy.com/sell/product-detail?id=5051892009850
Marvel Ultimate Alliance,2.00,3.00,8.00,1.00,25.0%,37.5%,Wii Games,795,"Gaming Software, Wii",Store & Online,5030917039362,https://au.webuy.com/sell/product-detail?id=5030917039362
"Karaoke Revolution - Glee, Vol 3(No Mic)",0.30,0.50,2.00,0.20,15.0%,25.0%,Wii Games,795,"Gaming Software, Wii",Store & Online,4012927095454,https://au.webuy.com/sell/product-detail?id=4012927095454
Job Island - Hard Working People,2.00,3.00,8.00,1.00,25.0%,37.5%,Wii Games,795,"Gaming Software, Wii",Store & Online,4012927091579,https://au.webuy.com/sell/product-detail?id=4012927091579
UP,2.00,3.00,8.00,1.00,25.0%,37.5%,Wii Games,795,"Gaming Software, Wii",Store & Online,4005209120326,https://au.webuy.com/sell/product-detail?id=4005209120326
All Star Cheerleader,0.05,0.05,1.00,0.00,5.0%,5.0%,Wii Games,795,"Gaming Software, Wii",Store & Online,4005209114202,https://au.webuy.com/sell/product-detail?id=4005209114202
Disney Infinity Starter Pack,2.00,3.00,8.00,1.00,25.0%,37.5%,Wii Games,795,"Gaming Software, Wii",Store & Online,8717418395162,https://au.webuy.com/sell/product-detail?id=8717418395162
Epic Mickey,1.60,2.00,6.00,0.40,26.7%,33.3%,Wii Games,795,"Gaming Software, Wii",Store & Online,8717418283384,https://au.webuy.com/sell/product-detail?id=8717418283384
Big Catch Bass Fishing 2,0.60,1.10,4.00,0.50,15.0%,27.5%,Wii Games,795,"Gaming Software, Wii",Store & Online,8023171022116,https://au.webuy.com/sell/product-detail?id=8023171022116
Harry Potter & The Half Blood Prince,1.40,2.00,5.00,0.60,28.0%,40.0%,Wii Games,795,"Gaming Software, Wii",Store & Online,5030930067021,https://au.webuy.com/sell/product-detail?id=5030930067021
Virtua Tennis 2009,0.05,0.05,1.00,0.00,5.0%,5.0%,Wii Games,795,"Gaming Software, Wii",Store & Online,5055277000227,https://au.webuy.com/sell/product-detail?id=5055277000227
Big Catch: Bass Fishing,0.80,1.30,3.00,0.50,26.7%,43.3%,Wii Games,795,"Gaming Software, Wii",Store & Online,8023171012926,https://au.webuy.com/sell/product-detail?id=8023171012926
Nintendo Family Gameshow,0.40,0.80,3.00,0.40,13.3%,26.7%,Wii Games,795,"Gaming Software, Wii",Store & Online,5055377601010,https://au.webuy.com/sell/product-detail?id=5055377601010
"Meet The Robinsons, Disney",1.10,1.80,4.00,0.70,27.5%,45.0%,Wii Games,795,"Gaming Software, Wii",Store & Online,5050053017871,https://au.webuy.com/sell/product-detail?id=5050053017871
Fifa 12,1.40,2.00,5.00,0.60,28.0%,40.0%,Wii Games,795,"Gaming Software, Wii",Store & Online,5030930104160,https://au.webuy.com/sell/product-detail?id=5030930104160
Trivial Pursuit,1.40,2.00,5.00,0.60,28.0%,40.0%,Wii Games,795,"Gaming Software, Wii",Store & Online,5030930069247,https://au.webuy.com/sell/product-detail?id=5030930069247
Marvel Ultimate Alliance 2,2.00,3.00,8.00,1.00,25.0%,37.5%,Wii Games,795,"Gaming Software, Wii",Store & Online,5030917060946,https://au.webuy.com/sell/product-detail?id=5030917060946
Madagascar - Escape 2 Africa,2.00,3.00,8.00,1.00,25.0%,37.5%,Wii Games,795,"Gaming Software, Wii",Store & Online,5030917057601,https://au.webuy.com/sell/product-detail?id=5030917057601
Karaoke Revolution (Game Only ),1.10,1.80,4.00,0.70,27.5%,45.0%,Wii Games,795,"Gaming Software, Wii",Store & Online,4012927092095,https://au.webuy.com/sell/product-detail?id=4012927092095
Summer Sports Party,0.80,1.30,3.00,0.50,26.7%,43.3%,Wii Games,795,"Gaming Software, Wii",Store & Online,3307211658943,https://au.webuy.com/sell/product-detail?id=3307211658943
Surfs Up,0.70,1.40,5.00,0.70,14.0%,28.0%,Wii Games,795,"Gaming Software, Wii",Store & Online,3307210260017,https://au.webuy.com/sell/product-detail?id=3307210260017
EA Sports Active (Game Only),0.05,0.05,1.00,0.00,5.0%,5.0%,Wii Games,795,"Gaming Software, Wii",Store & Online,SWIIEAPERTRA01,https://au.webuy.com/sell/product-detail?id=SWIIEAPERTRA01
Boom Blox,1.40,2.00,5.00,0.60,28.0%,40.0%,Wii Games,795,"Gaming Software, Wii",Store & Online,5030930060985,https://au.webuy.com/sell/product-detail?id=5030930060985
Fifa 08,0.70,1.10,2.50,0.40,28.0%,44.0%,Wii Games,795,"Gaming Software, Wii",Store & Online,5030930059187,https://au.webuy.com/sell/product-detail?id=5030930059187
Harry Potter & The Order Of The Phoenix,1.40,2.00,5.00,0.60,28.0%,40.0%,Wii Games,795,"Gaming Software, Wii",Store & Online,5030930057350,https://au.webuy.com/sell/product-detail?id=5030930057350
Hells Kitchen: The Game,1.40,2.00,5.00,0.60,28.0%,40.0%,Wii Games,795,"Gaming Software, Wii",Store & Online,3307210450388,https://au.webuy.com/sell/product-detail?id=3307210450388
Red Steel,1.10,1.80,4.00,0.70,27.5%,45.0%,Wii Games,795,"Gaming Software, Wii",Store & Online,3307210228536,https://au.webuy.com/sell/product-detail?id=3307210228536
Lego Indiana Jones 2,2.00,3.00,8.00,1.00,25.0%,37.5%,Wii Games,795,"Gaming Software, Wii",Store & Online,023272008710,https://au.webuy.com/sell/product-detail?id=023272008710
My Sims Kingdom,1.10,1.80,4.00,0.70,27.5%,45.0%,Wii Games,795,"Gaming Software, Wii",Store & Online,5030930066147,https://au.webuy.com/sell/product-detail?id=5030930066147
EA Grand Slam Tennis W/Out Motion+,0.05,0.05,1.50,0.00,3.3%,3.3%,Wii Games,795,"Gaming Software, Wii",Store & Online,5030930073695,https://au.webuy.com/sell/product-detail?id=5030930073695
Need For Speed: Carbon,2.00,3.00,8.00,1.00,25.0%,37.5%,Wii Games,795,"Gaming Software, Wii",Store & Online,5030930052836,https://au.webuy.com/sell/product-detail?id=5030930052836
U Draw Studio - Instant Artist,0.05,0.05,1.00,0.00,5.0%,5.0%,Wii Games,795,"Gaming Software, Wii",Store & Online,4005209156646,https://au.webuy.com/sell/product-detail?id=4005209156646
Tiger Woods PGA Tour 09,0.05,0.05,2.50,0.00,2.0%,2.0%,Wii Games,795,"Gaming Software, Wii",Store & Online,5030930066000,https://au.webuy.com/sell/product-detail?id=5030930066000
Smurfs Dance Party,0.90,1.60,6.00,0.70,15.0%,26.7%,Wii Games,795,"Gaming Software, Wii",Store & Online,3307219949203,https://au.webuy.com/sell/product-detail?id=3307219949203
Cooking Mama,2.00,4.00,10.00,2.00,20.0%,40.0%,Wii Games,795,"Gaming Software, Wii",Store & Online,8023171009971,https://au.webuy.com/sell/product-detail?id=8023171009971
Xmen Origins: Wolverine,0.90,1.60,6.00,0.70,15.0%,26.7%,Wii Games,795,"Gaming Software, Wii",Store & Online,5030917065668,https://au.webuy.com/sell/product-detail?id=5030917065668
007 - Quantum of Solace,1.40,2.00,5.00,0.60,28.0%,40.0%,Wii Games,795,"Gaming Software, Wii",Store & Online,5030917056475,https://au.webuy.com/sell/product-detail?id=5030917056475
Beatles Rock Band (Game Only),1.20,2.00,8.00,0.80,15.0%,25.0%,Wii Games,795,"Gaming Software, Wii",Store & Online,5030930075248,https://au.webuy.com/sell/product-detail?id=5030930075248
Speed Racer,2.00,3.00,8.00,1.00,25.0%,37.5%,Wii Games,795,"Gaming Software, Wii",Store & Online,5051600219168,https://au.webuy.com/sell/product-detail?id=5051600219168
SimAnimals,1.10,1.80,4.00,0.70,27.5%,45.0%,Wii Games,795,"Gaming Software, Wii",Store & Online,5030941067140,https://au.webuy.com/sell/product-detail?id=5030941067140
Sega Superstars Tennis,1.10,1.80,4.00,0.70,27.5%,45.0%,Wii Games,795,"Gaming Software, Wii",Store & Online,5060138436152,https://au.webuy.com/sell/product-detail?id=5060138436152
My Sims Racing,2.00,3.00,8.00,1.00,25.0%,37.5%,Wii Games,795,"Gaming Software, Wii",Store & Online,5030930072063,https://au.webuy.com/sell/product-detail?id=5030930072063
My Fitness Coach,0.05,0.05,1.00,0.00,5.0%,5.0%,Wii Games,795,"Gaming Software, Wii",Store & Online,3307211636712,https://au.webuy.com/sell/product-detail?id=3307211636712
Rayman Raving Rabbids,1.40,2.00,5.00,0.60,28.0%,40.0%,Wii Games,795,"Gaming Software, Wii",Store & Online,3307210218643,https://au.webuy.com/sell/product-detail?id=3307210218643
Dogz,1.40,2.00,5.00,0.60,28.0%,40.0%,Wii Games,795,"Gaming Software, Wii",Store & Online,3307210260697,https://au.webuy.com/sell/product-detail?id=3307210260697
Dance Party - Pop Hits (No Mat),1.10,1.80,4.00,0.70,27.5%,45.0%,Wii Games,795,"Gaming Software, Wii",Store & Online,SWIIDANE005,https://au.webuy.com/sell/product-detail?id=SWIIDANE005
U Sing Girls Night (Game Only),0.40,0.80,3.00,0.40,13.3%,26.7%,Wii Games,795,"Gaming Software, Wii",Store & Online,9338671004111,https://au.webuy.com/sell/product-detail?id=9338671004111
Disney Planes,0.50,0.80,5.00,0.30,10.0%,16.0%,Wii Games,795,"Gaming Software, Wii",Store & Online,8717418399498,https://au.webuy.com/sell/product-detail?id=8717418399498
Disney Sing It Party Hits,0.70,1.40,5.00,0.70,14.0%,28.0%,Wii Games,795,"Gaming Software, Wii",Store & Online,8717418278960,https://au.webuy.com/sell/product-detail?id=8717418278960
Disney's Bolt,1.40,2.00,5.00,0.60,28.0%,40.0%,Wii Games,795,"Gaming Software, Wii",Store & Online,8717418188801,https://au.webuy.com/sell/product-detail?id=8717418188801
Grease: The Official Video Game,0.80,1.30,3.00,0.50,26.7%,43.3%,Wii Games,795,"Gaming Software, Wii",Store & Online,8023171024325,https://au.webuy.com/sell/product-detail?id=8023171024325
Project Runway,0.40,0.80,3.00,0.40,13.3%,26.7%,Wii Games,795,"Gaming Software, Wii",Store & Online,742725280748,https://au.webuy.com/sell/product-detail?id=742725280748
Super Fruitfall,1.10,1.80,4.00,0.70,27.5%,45.0%,Wii Games,795,"Gaming Software, Wii",Store & Online,5060057025871,https://au.webuy.com/sell/product-detail?id=5060057025871
Monster Trux - Arena,1.10,1.80,4.00,0.70,27.5%,45.0%,Wii Games,795,"Gaming Software, Wii",Store & Online,5060048319262,https://au.webuy.com/sell/product-detail?id=5060048319262
Wild West Shootout,0.30,0.70,2.50,0.40,12.0%,28.0%,Wii Games,795,"Gaming Software, Wii",Store & Online,5055377601102,https://au.webuy.com/sell/product-detail?id=5055377601102
Iron Man 2,1.60,2.00,6.00,0.40,26.7%,33.3%,Wii Games,795,"Gaming Software, Wii",Store & Online,5055277006588,https://au.webuy.com/sell/product-detail?id=5055277006588
Wacky World Of Sports,0.80,1.30,3.00,0.50,26.7%,43.3%,Wii Games,795,"Gaming Software, Wii",Store & Online,5055277001156,https://au.webuy.com/sell/product-detail?id=5055277001156
Lets Tap,0.05,0.05,1.00,0.00,5.0%,5.0%,Wii Games,795,"Gaming Software, Wii",Store & Online,5055277000487,https://au.webuy.com/sell/product-detail?id=5055277000487
Green Lantern Rise Of The Manhunters,0.50,0.90,2.00,0.40,25.0%,45.0%,Wii Games,795,"Gaming Software, Wii",Store & Online,5051892025157,https://au.webuy.com/sell/product-detail?id=5051892025157
Harry Potter & The Deathly Hallows Pt1,1.40,2.00,5.00,0.60,28.0%,40.0%,Wii Games,795,"Gaming Software, Wii",Store & Online,5030941087476,https://au.webuy.com/sell/product-detail?id=5030941087476
Sims 2 Pets,2.00,4.00,10.00,2.00,20.0%,40.0%,Wii Games,795,"Gaming Software, Wii",Store & Online,5030930058784,https://au.webuy.com/sell/product-detail?id=5030930058784
DJ Hero (Game Only),0.05,0.05,1.50,0.00,3.3%,3.3%,Wii Games,795,"Gaming Software, Wii",Store & Online,503091707WIGS,https://au.webuy.com/sell/product-detail?id=503091707WIGS
Call Of Duty World At War (15),1.60,2.00,6.00,0.40,26.7%,33.3%,Wii Games,795,"Gaming Software, Wii",Store & Online,5030917057076,https://au.webuy.com/sell/product-detail?id=5030917057076
Top Spin 3,0.05,0.05,1.00,0.00,5.0%,5.0%,Wii Games,795,"Gaming Software, Wii",Store & Online,5026555042321,https://au.webuy.com/sell/product-detail?id=5026555042321
Sports Island,2.00,3.00,8.00,1.00,25.0%,37.5%,Wii Games,795,"Gaming Software, Wii",Store & Online,4012927091043,https://au.webuy.com/sell/product-detail?id=4012927091043
WWE All Stars,1.40,2.00,5.00,0.60,28.0%,40.0%,Wii Games,795,"Gaming Software, Wii",Store & Online,4005209143684,https://au.webuy.com/sell/product-detail?id=4005209143684
"Biggest Loser, The",0.05,0.05,1.00,0.00,5.0%,5.0%,Wii Games,795,"Gaming Software, Wii",Store & Online,4005209128476,https://au.webuy.com/sell/product-detail?id=4005209128476
All Star Cheerleader 2,0.05,0.05,1.00,0.00,5.0%,5.0%,Wii Games,795,"Gaming Software, Wii",Store & Online,4005209124416,https://au.webuy.com/sell/product-detail?id=4005209124416
MX Vs ATV Untamed,1.40,2.00,5.00,0.60,28.0%,40.0%,Wii Games,795,"Gaming Software, Wii",Store & Online,4005209103329,https://au.webuy.com/sell/product-detail?id=4005209103329
Spongebob Squarepants - Creature From Krusty Krab,2.00,3.00,8.00,1.00,25.0%,37.5%,Wii Games,795,"Gaming Software, Wii",Store & Online,4005209087520,https://au.webuy.com/sell/product-detail?id=4005209087520
Rayman Origins,2.00,4.00,10.00,2.00,20.0%,40.0%,Wii Games,795,"Gaming Software, Wii",Store & Online,3307215595800,https://au.webuy.com/sell/product-detail?id=3307215595800
Knockout Party,0.40,0.80,3.00,0.40,13.3%,26.7%,Wii Games,795,"Gaming Software, Wii",Store & Online,3307211689978,https://au.webuy.com/sell/product-detail?id=3307211689978
Fun Fair Party,0.70,1.40,5.00,0.70,14.0%,28.0%,Wii Games,795,"Gaming Software, Wii",Store & Online,3307211504226,https://au.webuy.com/sell/product-detail?id=3307211504226
Rayman Raving Rabbids 2,1.60,2.00,6.00,0.40,26.7%,33.3%,Wii Games,795,"Gaming Software, Wii",Store & Online,3307210327741,https://au.webuy.com/sell/product-detail?id=3307210327741
TMNT: Teenage Mutant Ninja Turtles,2.00,3.00,8.00,1.00,25.0%,37.5%,Wii Games,795,"Gaming Software, Wii",Store & Online,3307210248770,https://au.webuy.com/sell/product-detail?id=3307210248770
Naruto: Clash of Ninja Revolution,2.00,3.00,8.00,1.00,25.0%,37.5%,Wii Games,795,"Gaming Software, Wii",Store & Online,045496365677,https://au.webuy.com/sell/product-detail?id=045496365677
Star Wars The Clone Wars: Lightsaber...,2.00,3.00,8.00,1.00,25.0%,37.5%,Wii Games,795,"Gaming Software, Wii",Store & Online,023272006938,https://au.webuy.com/sell/product-detail?id=023272006938
Cabela's Dangerous Hunts 2011,1.40,2.00,5.00,0.60,28.0%,40.0%,Wii Games,795,"Gaming Software, Wii",Store & Online,9328878005530,https://au.webuy.com/sell/product-detail?id=9328878005530
Lego Harry Potter: Years 5-7,2.00,3.00,8.00,1.00,25.0%,37.5%,Wii Games,795,"Gaming Software, Wii",Store & Online,9325336127148,https://au.webuy.com/sell/product-detail?id=9325336127148
Hannah Montana: The Movie Game,1.40,2.00,5.00,0.60,28.0%,40.0%,Wii Games,795,"Gaming Software, Wii",Store & Online,8717418210120,https://au.webuy.com/sell/product-detail?id=8717418210120
We Sing: Down Under,1.20,2.00,8.00,0.80,15.0%,25.0%,Wii Games,795,"Gaming Software, Wii",Store & Online,7340044300753,https://au.webuy.com/sell/product-detail?id=7340044300753
Super Monkey Ball: Banana Blitz,2.00,3.00,8.00,1.00,25.0%,37.5%,Wii Games,795,"Gaming Software, Wii",Store & Online,5060004769353,https://au.webuy.com/sell/product-detail?id=5060004769353
Need For Speed Hot Pursuit 2010,2.00,4.00,10.00,2.00,20.0%,40.0%,Wii Games,795,"Gaming Software, Wii",Store & Online,5030930093631,https://au.webuy.com/sell/product-detail?id=5030930093631
Glee Karaoke Revolution (Game Only),0.50,0.90,3.50,0.40,14.3%,25.7%,Wii Games,795,"Gaming Software, Wii",Store & Online,4012927094167,https://au.webuy.com/sell/product-detail?id=4012927094167
Puss in Boots,2.00,4.00,10.00,2.00,20.0%,40.0%,Wii Games,795,"Gaming Software, Wii",Store & Online,4005209153782,https://au.webuy.com/sell/product-detail?id=4005209153782
Just Dance Kids,2.00,4.00,10.00,2.00,20.0%,40.0%,Wii Games,795,"Gaming Software, Wii",Store & Online,3307215591192,https://au.webuy.com/sell/product-detail?id=3307215591192
Zack & Wiki Quest For Barboros Treasure,2.00,4.00,10.00,2.00,20.0%,40.0%,Wii Games,795,"Gaming Software, Wii",Store & Online,045496364397,https://au.webuy.com/sell/product-detail?id=045496364397
Star Wars: Force Unleashed II/2,2.00,3.00,10.00,1.00,20.0%,30.0%,Wii Games,795,"Gaming Software, Wii",Store & Online,023272010096,https://au.webuy.com/sell/product-detail?id=023272010096
Driver - Parallel Lines,1.60,2.00,6.00,0.40,26.7%,33.3%,Wii Games,795,"Gaming Software, Wii",Store & Online,3307210250452,https://au.webuy.com/sell/product-detail?id=3307210250452
Family Ski & Snowboard,1.40,2.00,5.00,0.60,28.0%,40.0%,Wii Games,795,"Gaming Software, Wii",Store & Online,3296580806904,https://au.webuy.com/sell/product-detail?id=3296580806904
Zumba Fitness - With Belt,0.30,0.70,2.50,0.40,12.0%,28.0%,Wii Games,795,"Gaming Software, Wii",Store & Online,8023171024783,https://au.webuy.com/sell/product-detail?id=8023171024783
Martian Panic,0.05,0.05,1.50,0.00,3.3%,3.3%,Wii Games,795,"Gaming Software, Wii",Store & Online,5055377601560,https://au.webuy.com/sell/product-detail?id=5055377601560
Kung Fu Panda,2.00,4.00,10.00,2.00,20.0%,40.0%,Wii Games,795,"Gaming Software, Wii",Store & Online,5030917054815,https://au.webuy.com/sell/product-detail?id=5030917054815
Nickelodeon Dance 2,2.00,3.00,8.00,1.00,25.0%,37.5%,Wii Games,795,"Gaming Software, Wii",Store & Online,5026555045773,https://au.webuy.com/sell/product-detail?id=5026555045773
WWE Smackdown Vs RAW 2008,0.30,0.50,2.00,0.20,15.0%,25.0%,Wii Games,795,"Gaming Software, Wii",Store & Online,4005209098731,https://au.webuy.com/sell/product-detail?id=4005209098731
ABBA: You Can Dance,1.40,2.00,5.00,0.60,28.0%,40.0%,Wii Games,795,"Gaming Software, Wii",Store & Online,3307215600580,https://au.webuy.com/sell/product-detail?id=3307215600580
Fun Park Party,1.10,1.80,4.00,0.70,27.5%,45.0%,Wii Games,795,"Gaming Software, Wii",Store & Online,3307211659049,https://au.webuy.com/sell/product-detail?id=3307211659049
Shaun White Snowboarding Road Trip,0.05,0.05,1.00,0.00,5.0%,5.0%,Wii Games,795,"Gaming Software, Wii",Store & Online,3307211605183,https://au.webuy.com/sell/product-detail?id=3307211605183
Yoga,0.05,0.05,1.50,0.00,3.3%,3.3%,Wii Games,795,"Gaming Software, Wii",Store & Online,9006113172000,https://au.webuy.com/sell/product-detail?id=9006113172000
Black Eyed Peas Experience,0.70,1.40,5.00,0.70,14.0%,28.0%,Wii Games,795,"Gaming Software, Wii",Store & Online,3307215616185,https://au.webuy.com/sell/product-detail?id=3307215616185
"Princess & The Frog, The",0.80,1.30,8.00,0.50,10.0%,16.2%,Wii Games,795,"Gaming Software, Wii",Store & Online,8717418238919,https://au.webuy.com/sell/product-detail?id=8717418238919
Disney Think Fast,2.00,4.00,10.00,2.00,20.0%,40.0%,Wii Games,795,"Gaming Software, Wii",Store & Online,8717418191634,https://au.webuy.com/sell/product-detail?id=8717418191634
High School Musical 3: Senior Year Dance,0.70,1.40,5.00,0.70,14.0%,28.0%,Wii Games,795,"Gaming Software, Wii",Store & Online,8717418181963,https://au.webuy.com/sell/product-detail?id=8717418181963
Ready Steady Cook,0.30,0.70,2.50,0.40,12.0%,28.0%,Wii Games,795,"Gaming Software, Wii",Store & Online,5390102502478,https://au.webuy.com/sell/product-detail?id=5390102502478
Peppa Pig - Fun and Games,2.00,4.00,10.00,2.00,20.0%,40.0%,Wii Games,795,"Gaming Software, Wii",Store & Online,5060203320140,https://au.webuy.com/sell/product-detail?id=5060203320140
North American Hunting Extravaganza,0.60,1.10,4.00,0.50,15.0%,27.5%,Wii Games,795,"Gaming Software, Wii",Store & Online,5060184980340,https://au.webuy.com/sell/product-detail?id=5060184980340
Samurai Warriors: Katana,2.00,3.00,8.00,1.00,25.0%,37.5%,Wii Games,795,"Gaming Software, Wii",Store & Online,5060073304196,https://au.webuy.com/sell/product-detail?id=5060073304196
Kidz Sports: Crazy Mini Golf 2,0.80,1.30,3.00,0.50,26.7%,43.3%,Wii Games,795,"Gaming Software, Wii",Store & Online,5060048314755,https://au.webuy.com/sell/product-detail?id=5060048314755
Yamaha Supercross,0.40,0.80,3.00,0.40,13.3%,26.7%,Wii Games,795,"Gaming Software, Wii",Store & Online,5060034555605,https://au.webuy.com/sell/product-detail?id=5060034555605
Country Dance,2.00,3.00,8.00,1.00,25.0%,37.5%,Wii Games,795,"Gaming Software, Wii",Store & Online,5055377601409,https://au.webuy.com/sell/product-detail?id=5055377601409
Chicken Shoot,1.40,2.00,5.00,0.60,28.0%,40.0%,Wii Games,795,"Gaming Software, Wii",Store & Online,5055377600242,https://au.webuy.com/sell/product-detail?id=5055377600242
Captain America: Super Soldier,1.40,2.00,5.00,0.60,28.0%,40.0%,Wii Games,795,"Gaming Software, Wii",Store & Online,5055277013135,https://au.webuy.com/sell/product-detail?id=5055277013135
Virtua Tennis 4,1.40,2.00,5.00,0.60,28.0%,40.0%,Wii Games,795,"Gaming Software, Wii",Store & Online,5055277011049,https://au.webuy.com/sell/product-detail?id=5055277011049
Neopets Puzzle Adventure,0.60,1.10,4.00,0.50,15.0%,27.5%,Wii Games,795,"Gaming Software, Wii",Store & Online,505506095154,https://au.webuy.com/sell/product-detail?id=505506095154
More Game Party,1.40,2.00,5.00,0.60,28.0%,40.0%,Wii Games,795,"Gaming Software, Wii",Store & Online,5037930150531,https://au.webuy.com/sell/product-detail?id=5037930150531
TNA Impact,0.40,0.80,3.00,0.40,13.3%,26.7%,Wii Games,795,"Gaming Software, Wii",Store & Online,5037930150425,https://au.webuy.com/sell/product-detail?id=5037930150425
Fifa 09 All-Play,0.05,0.05,1.50,0.00,3.3%,3.3%,Wii Games,795,"Gaming Software, Wii",Store & Online,5030941067270,https://au.webuy.com/sell/product-detail?id=5030941067270
Tiger Woods PGA Tour 11,2.00,4.00,10.00,2.00,20.0%,40.0%,Wii Games,795,"Gaming Software, Wii",Store & Online,5030930086473,https://au.webuy.com/sell/product-detail?id=5030930086473
Tiger Woods PGA Tour 10,0.30,0.50,2.00,0.20,15.0%,25.0%,Wii Games,795,"Gaming Software, Wii",Store & Online,5030930074319,https://au.webuy.com/sell/product-detail?id=5030930074319
Celebrity Sports Showdown,0.50,0.90,2.00,0.40,25.0%,45.0%,Wii Games,795,"Gaming Software, Wii",Store & Online,5030930068509,https://au.webuy.com/sell/product-detail?id=5030930068509
Boogie Superstar,0.70,1.10,2.50,0.40,28.0%,44.0%,Wii Games,795,"Gaming Software, Wii",Store & Online,5030930066901,https://au.webuy.com/sell/product-detail?id=5030930066901
Medal of Honor Heroes 2,1.10,1.80,4.00,0.70,27.5%,45.0%,Wii Games,795,"Gaming Software, Wii",Store & Online,5030930059309,https://au.webuy.com/sell/product-detail?id=5030930059309
Boogie - Without Microphone,0.05,0.05,1.00,0.00,5.0%,5.0%,Wii Games,795,"Gaming Software, Wii",Store & Online,5030930058777D,https://au.webuy.com/sell/product-detail?id=5030930058777D
SSX Blur,1.10,1.80,4.00,0.70,27.5%,45.0%,Wii Games,795,"Gaming Software, Wii",Store & Online,5030930055233,https://au.webuy.com/sell/product-detail?id=5030930055233
Hot Wheels: Battle Force 5,2.00,3.00,8.00,1.00,25.0%,37.5%,Wii Games,795,"Gaming Software, Wii",Store & Online,5030917088612,https://au.webuy.com/sell/product-detail?id=5030917088612
Tony Hawk Ride (Game Only),0.40,0.80,3.00,0.40,13.3%,26.7%,Wii Games,795,"Gaming Software, Wii",Store & Online,503091707WINB,https://au.webuy.com/sell/product-detail?id=503091707WINB
Madagascar: Kartz,2.00,4.00,10.00,2.00,20.0%,40.0%,Wii Games,795,"Gaming Software, Wii",Out of Stock,5030917076091,https://au.webuy.com/sell/product-detail?id=5030917076091
Monsters Vs Aliens,1.40,2.00,5.00,0.60,28.0%,40.0%,Wii Games,795,"Gaming Software, Wii",Store & Online,5030917062100,https://au.webuy.com/sell/product-detail?id=5030917062100
Bee Movie,2.00,4.00,10.00,2.00,20.0%,40.0%,Wii Games,795,"Gaming Software, Wii",Store & Online,5030917049057,https://au.webuy.com/sell/product-detail?id=5030917049057
NBA 2K11,1.10,1.80,4.00,0.70,27.5%,45.0%,Wii Games,795,"Gaming Software, Wii",Store & Online,5026555044943,https://au.webuy.com/sell/product-detail?id=5026555044943
Sid Meier's Pirates,1.10,1.80,4.00,0.70,27.5%,45.0%,Wii Games,795,"Gaming Software, Wii",Store & Online,5026555044561,https://au.webuy.com/sell/product-detail?id=5026555044561
Don King Boxing,0.30,0.70,2.50,0.40,12.0%,28.0%,Wii Games,795,"Gaming Software, Wii",Store & Online,5026555042598,https://au.webuy.com/sell/product-detail?id=5026555042598
"Biggest Loser Challenge, The",0.05,0.05,1.00,0.00,5.0%,5.0%,Wii Games,795,"Gaming Software, Wii",Store & Online,4005209140768,https://au.webuy.com/sell/product-detail?id=4005209140768
Hotwheels Track Attack,2.00,4.00,10.00,2.00,20.0%,40.0%,Wii Games,795,"Gaming Software, Wii",Store & Online,4005209139540,https://au.webuy.com/sell/product-detail?id=4005209139540
Truth or Lies,0.05,0.05,1.00,0.00,5.0%,5.0%,Wii Games,795,"Gaming Software, Wii",Store & Online,4005209135665,https://au.webuy.com/sell/product-detail?id=4005209135665
SpongeBob - Glob Of Doom,1.60,2.00,6.00,0.40,26.7%,33.3%,Wii Games,795,"Gaming Software, Wii",Store & Online,4005209111294,https://au.webuy.com/sell/product-detail?id=4005209111294
Mummy: Tomb Of The Dragon Emperor,1.40,2.00,5.00,0.60,28.0%,40.0%,Wii Games,795,"Gaming Software, Wii",Store & Online,3348542220867,https://au.webuy.com/sell/product-detail?id=3348542220867
Gold's Gym Cardio Workout,0.30,0.50,2.00,0.20,15.0%,25.0%,Wii Games,795,"Gaming Software, Wii",Store & Online,3307211629929,https://au.webuy.com/sell/product-detail?id=3307211629929
Cranium Kabooki (W/Out Glasses),0.05,0.05,2.00,0.00,2.5%,2.5%,Wii Games,795,"Gaming Software, Wii",Store & Online,3307210332592B,https://au.webuy.com/sell/product-detail?id=3307210332592B
Star Trek: Conquest,2.00,3.00,8.00,1.00,25.0%,37.5%,Wii Games,795,"Gaming Software, Wii",Store & Online,093155130340,https://au.webuy.com/sell/product-detail?id=093155130340
DJ Hero 2 (Game Only),0.05,0.05,1.00,0.00,5.0%,5.0%,Wii Games,795,"Gaming Software, Wii",Store & Online,5030917090172,https://au.webuy.com/sell/product-detail?id=5030917090172
Iron Man,0.70,1.40,5.00,0.70,14.0%,28.0%,Wii Games,795,"Gaming Software, Wii",Store & Online,5060138437685,https://au.webuy.com/sell/product-detail?id=5060138437685
Farcry Vengeance,1.60,2.00,6.00,0.40,26.7%,33.3%,Wii Games,795,"Gaming Software, Wii",Store & Online,3307210238283,https://au.webuy.com/sell/product-detail?id=3307210238283
Survivor,1.40,2.00,5.00,0.60,28.0%,40.0%,Wii Games,795,"Gaming Software, Wii",Store & Online,9338671003756,https://au.webuy.com/sell/product-detail?id=9338671003756
Dragon Blade: Wrath Of Fire,1.40,2.00,5.00,0.60,28.0%,40.0%,Wii Games,795,"Gaming Software, Wii",Store & Online,5060125482032,https://au.webuy.com/sell/product-detail?id=5060125482032
Kawasaki Quad Bikes,1.60,2.00,6.00,0.40,26.7%,33.3%,Wii Games,795,"Gaming Software, Wii",Store & Online,5060048319835,https://au.webuy.com/sell/product-detail?id=5060048319835
Jeep Thrills,0.80,1.30,3.00,0.50,26.7%,43.3%,Wii Games,795,"Gaming Software, Wii",Store & Online,5060034556732,https://au.webuy.com/sell/product-detail?id=5060034556732
Dead Rising: Chop Till You Drop,2.00,3.00,8.00,1.00,25.0%,37.5%,Wii Games,795,"Gaming Software, Wii",Store & Online,5055060951583,https://au.webuy.com/sell/product-detail?id=5055060951583
Medal Of Honor: Vanguard,1.40,2.00,5.00,0.60,28.0%,40.0%,Wii Games,795,"Gaming Software, Wii",Store & Online,5030930055882,https://au.webuy.com/sell/product-detail?id=5030930055882
Rapala's Fishing Frenzy (No Rod),0.50,0.80,5.00,0.30,10.0%,16.0%,Wii Games,795,"Gaming Software, Wii",Store & Online,5030917056659B,https://au.webuy.com/sell/product-detail?id=5030917056659B
Marvel Super Hero S.: Infinity Gauntlet,0.90,1.50,3.50,0.60,25.7%,42.9%,Wii Games,795,"Gaming Software, Wii",Store & Online,4005209139199,https://au.webuy.com/sell/product-detail?id=4005209139199
Mystery Case Files: The Malgrave Inciden,0.50,0.80,5.00,0.30,10.0%,16.0%,Wii Games,795,"Gaming Software, Wii",Store & Online,045496400347,https://au.webuy.com/sell/product-detail?id=045496400347
uDraw Game Tablet + Instant Artist,2.00,3.00,8.00,1.00,25.0%,37.5%,Wii Games,795,"Gaming Software, Wii",Store & Online,4005209157643,https://au.webuy.com/sell/product-detail?id=4005209157643
Wheelspin,0.30,0.50,2.00,0.20,15.0%,25.0%,Wii Games,795,"Gaming Software, Wii",Store & Online,093155122635,https://au.webuy.com/sell/product-detail?id=093155122635
Madden NFL 07,0.05,0.05,1.00,0.00,5.0%,5.0%,Wii Games,795,"Gaming Software, Wii",Store & Online,5030941053365,https://au.webuy.com/sell/product-detail?id=5030941053365
Beastly,0.70,1.40,5.00,0.70,14.0%,28.0%,Wii Games,795,"Gaming Software, Wii",Out of Stock,5060216311302,https://au.webuy.com/sell/product-detail?id=5060216311302
Rampage Total Destruction,2.00,4.00,10.00,2.00,20.0%,40.0%,Wii Games,795,"Gaming Software, Wii",Store & Online,5037930150036,https://au.webuy.com/sell/product-detail?id=5037930150036
Angry Birds: Star Wars,2.00,3.00,8.00,1.00,25.0%,37.5%,Wii Games,795,"Gaming Software, Wii",Store & Online,5030917132117,https://au.webuy.com/sell/product-detail?id=5030917132117
Bermuda Triangle,2.00,3.00,8.00,1.00,25.0%,37.5%,Wii Games,795,"Gaming Software, Wii",Store & Online,4260153362950,https://au.webuy.com/sell/product-detail?id=4260153362950
Sing It: Disney Family Hits,2.00,4.00,12.00,2.00,16.7%,33.3%,Wii Games,795,"Gaming Software, Wii",Store & Online,8717418276089,https://au.webuy.com/sell/product-detail?id=8717418276089
Pirates Of The Caribbean - At Worlds End,1.60,2.00,6.00,0.40,26.7%,33.3%,Wii Games,795,"Gaming Software, Wii",Store & Online,8717418124267,https://au.webuy.com/sell/product-detail?id=8717418124267
Bust A Move,1.40,2.00,5.00,0.60,28.0%,40.0%,Wii Games,795,"Gaming Software, Wii",Store & Online,8023171009889,https://au.webuy.com/sell/product-detail?id=8023171009889
We Dance - Game (No Mat),0.50,0.90,3.50,0.40,14.3%,25.7%,Wii Games,795,"Gaming Software, Wii",Store & Online,7340044301101,https://au.webuy.com/sell/product-detail?id=7340044301101
Ben 10 Alien Force: Vilgax Attacks,1.20,2.00,8.00,0.80,15.0%,25.0%,Wii Games,795,"Gaming Software, Wii",Store & Online,5060125483954,https://au.webuy.com/sell/product-detail?id=5060125483954
Ben 10 - Protector Of Earth,2.00,4.00,10.00,2.00,20.0%,40.0%,Wii Games,795,"Gaming Software, Wii",Store & Online,5060125481813,https://au.webuy.com/sell/product-detail?id=5060125481813
Order Up,2.00,4.00,10.00,2.00,20.0%,40.0%,Wii Games,795,"Gaming Software, Wii",Store & Online,5060034556534,https://au.webuy.com/sell/product-detail?id=5060034556534
Super Monkeyball Step & Roll,1.40,2.00,5.00,0.60,28.0%,40.0%,Wii Games,795,"Gaming Software, Wii",Store & Online,5055277003914,https://au.webuy.com/sell/product-detail?id=5055277003914
Looney Tunes - ACME Arsenal,1.40,2.00,5.00,0.60,28.0%,40.0%,Wii Games,795,"Gaming Software, Wii",Store & Online,5051600163324,https://au.webuy.com/sell/product-detail?id=5051600163324
Fifa World Cup South Africa 2010,0.90,1.60,6.00,0.70,15.0%,26.7%,Wii Games,795,"Gaming Software, Wii",Store & Online,5030930086596,https://au.webuy.com/sell/product-detail?id=5030930086596
Need For Speed: Nitro,1.10,1.70,10.00,0.60,11.0%,17.0%,Wii Games,795,"Gaming Software, Wii",Store & Online,5030930078003,https://au.webuy.com/sell/product-detail?id=5030930078003
My Sims Agents,2.00,3.00,8.00,1.00,25.0%,37.5%,Wii Games,795,"Gaming Software, Wii",Store & Online,5030930075972,https://au.webuy.com/sell/product-detail?id=5030930075972
Hasbro Family Game Night Vol.2,2.00,4.00,10.00,2.00,20.0%,40.0%,Wii Games,795,"Gaming Software, Wii",Store & Online,5030930074241,https://au.webuy.com/sell/product-detail?id=5030930074241
Band Hero (Solus),0.05,0.05,1.00,0.00,5.0%,5.0%,Wii Games,795,"Gaming Software, Wii",Store & Online,5030917072659,https://au.webuy.com/sell/product-detail?id=5030917072659
Transformers - Revenge of the Fallen,2.00,4.00,10.00,2.00,20.0%,40.0%,Wii Games,795,"Gaming Software, Wii",Store & Online,5030917066412,https://au.webuy.com/sell/product-detail?id=5030917066412
Nickelodeon Fit,0.05,0.05,1.50,0.00,3.3%,3.3%,Wii Games,795,"Gaming Software, Wii",Store & Online,5026555045094,https://au.webuy.com/sell/product-detail?id=5026555045094
Dora's Big Birthday Adventure,0.30,0.70,2.50,0.40,12.0%,28.0%,Wii Games,795,"Gaming Software, Wii",Store & Online,5026555044639,https://au.webuy.com/sell/product-detail?id=5026555044639
Rio,2.00,4.00,10.00,2.00,20.0%,40.0%,Wii Games,795,"Gaming Software, Wii",Store & Online,4005209145886,https://au.webuy.com/sell/product-detail?id=4005209145886
Dood's Big Adventure (uDraw),0.05,0.05,1.00,0.00,5.0%,5.0%,Wii Games,795,"Gaming Software, Wii",Store & Online,4005209140805,https://au.webuy.com/sell/product-detail?id=4005209140805
Pictionary (uDraw),0.05,0.05,1.00,0.00,5.0%,5.0%,Wii Games,795,"Gaming Software, Wii",Store & Online,4005209139014,https://au.webuy.com/sell/product-detail?id=4005209139014
Worms: A Space Oddity,1.10,1.80,4.00,0.70,27.5%,45.0%,Wii Games,795,"Gaming Software, Wii",Store & Online,4005209102971,https://au.webuy.com/sell/product-detail?id=4005209102971
Shaun White Skateboarding,0.70,1.10,2.50,0.40,28.0%,44.0%,Wii Games,795,"Gaming Software, Wii",Store & Online,3307217932146,https://au.webuy.com/sell/product-detail?id=3307217932146
Prince Of Persia: Forgotten Sands,1.40,2.00,5.00,0.60,28.0%,40.0%,Wii Games,795,"Gaming Software, Wii",Store & Online,3307212808453,https://au.webuy.com/sell/product-detail?id=3307212808453
Babysitting Party,0.30,0.50,3.00,0.20,10.0%,16.7%,Wii Games,795,"Gaming Software, Wii",Store & Online,3307211504288,https://au.webuy.com/sell/product-detail?id=3307211504288
Catz,2.00,4.00,10.00,2.00,20.0%,40.0%,Wii Games,795,"Gaming Software, Wii",Store & Online,3307210260864,https://au.webuy.com/sell/product-detail?id=3307210260864
Dragonball Z Budokai Tenkaichi 2,2.00,4.00,10.00,2.00,20.0%,40.0%,Wii Games,795,"Gaming Software, Wii",Store & Online,3296580803262,https://au.webuy.com/sell/product-detail?id=3296580803262
Excite Truck,2.00,4.00,10.00,2.00,20.0%,40.0%,Wii Games,795,"Gaming Software, Wii",Store & Online,045496900021,https://au.webuy.com/sell/product-detail?id=045496900021
Tetris Party Deluxe,2.00,4.00,10.00,2.00,20.0%,40.0%,Wii Games,795,"Gaming Software, Wii",Store & Online,045496369187,https://au.webuy.com/sell/product-detail?id=045496369187
Need For Speed: The Run,2.00,3.00,8.00,1.00,25.0%,37.5%,Wii Games,795,"Gaming Software, Wii",Store & Online,5030930104474,https://au.webuy.com/sell/product-detail?id=5030930104474
EA Sports Active + Leg Strap + Resistance Band,1.20,2.00,8.00,0.80,15.0%,25.0%,Wii Games,795,"Gaming Software, Wii",Store & Online,5030930067984,https://au.webuy.com/sell/product-detail?id=5030930067984
Red Steel 2 (Game Only),2.00,3.00,8.00,1.00,25.0%,37.5%,Wii Games,795,"Gaming Software, Wii",Store & Online,3307211672352,https://au.webuy.com/sell/product-detail?id=3307211672352
"Go, Diego, Go! Safari Rescue",0.05,0.05,1.50,0.00,3.3%,3.3%,Wii Games,795,"Gaming Software, Wii",Store & Online,5026555042772,https://au.webuy.com/sell/product-detail?id=5026555042772
Barbie: Groom and Glam Pups,2.00,3.00,10.00,1.00,20.0%,30.0%,Wii Games,795,"Gaming Software, Wii",Store & Online,4005209139472,https://au.webuy.com/sell/product-detail?id=4005209139472
EA Sports Active: More Workouts,0.05,0.05,1.00,0.00,5.0%,5.0%,Wii Games,795,"Gaming Software, Wii",Store & Online,5030930080631,https://au.webuy.com/sell/product-detail?id=5030930080631
EA Playground,0.30,0.50,2.00,0.20,15.0%,25.0%,Wii Games,795,"Gaming Software, Wii",Store & Online,5030930059262,https://au.webuy.com/sell/product-detail?id=5030930059262
Colin McRae: Dirt 2,0.80,1.30,8.00,0.50,10.0%,16.2%,Wii Games,795,"Gaming Software, Wii",Store & Online,5024866341713,https://au.webuy.com/sell/product-detail?id=5024866341713
Tom Clancy's Ghost Recon,1.60,2.00,6.00,0.40,26.7%,33.3%,Wii Games,795,"Gaming Software, Wii",Store & Online,3307212811552,https://au.webuy.com/sell/product-detail?id=3307212811552
Who Wants To Be A Millionare 2,0.05,0.05,3.00,0.00,1.7%,1.7%,Wii Games,795,"Gaming Software, Wii",Store & Online,3307211632813,https://au.webuy.com/sell/product-detail?id=3307211632813
Medieval Games,0.30,0.70,2.50,0.40,12.0%,28.0%,Wii Games,795,"Gaming Software, Wii",Store & Online,093155122680,https://au.webuy.com/sell/product-detail?id=093155122680
"Guinness World Records, The Video Game",0.30,0.50,2.00,0.20,15.0%,25.0%,Wii Games,795,"Gaming Software, Wii",Store & Online,9325336043783,https://au.webuy.com/sell/product-detail?id=9325336043783
Doctor Who Return to Earth,2.00,3.00,8.00,1.00,25.0%,37.5%,Wii Games,795,"Gaming Software, Wii",Store & Online,4020628998295,https://au.webuy.com/sell/product-detail?id=4020628998295
King Of Pool,1.40,2.00,5.00,0.60,28.0%,40.0%,Wii Games,795,"Gaming Software, Wii",Store & Online,4779026380163,https://au.webuy.com/sell/product-detail?id=4779026380163
Dancing Stage - Hottest Party (No Mat),0.80,1.30,3.00,0.50,26.7%,43.3%,Wii Games,795,"Gaming Software, Wii",Store & Online,SWIIDANE001,https://au.webuy.com/sell/product-detail?id=SWIIDANE001
U-Sing 2: Australian Edition (Game Only),0.90,1.50,3.50,0.60,25.7%,42.9%,Wii Games,795,"Gaming Software, Wii",Store & Online,9338671004296,https://au.webuy.com/sell/product-detail?id=9338671004296
"Sesame Street Ready, Set, Grover!",2.00,3.00,8.00,1.00,25.0%,37.5%,Wii Games,795,"Gaming Software, Wii",Store & Online,9325336126509,https://au.webuy.com/sell/product-detail?id=9325336126509
Sesame Street Elmo's A-to-zoo adventure,0.50,0.90,3.50,0.40,14.3%,25.7%,Wii Games,795,"Gaming Software, Wii",Store & Online,9325336110904,https://au.webuy.com/sell/product-detail?id=9325336110904
Playmobil Interactive Circus,1.40,2.00,5.00,0.60,28.0%,40.0%,Wii Games,795,"Gaming Software, Wii",Store & Online,9006113192053,https://au.webuy.com/sell/product-detail?id=9006113192053
Tron: Evolution Battle Grids,2.00,3.00,8.00,1.00,25.0%,37.5%,Wii Games,795,"Gaming Software, Wii",Store & Online,8717418282035,https://au.webuy.com/sell/product-detail?id=8717418282035
Disney Channel All Star Party,2.00,3.00,8.00,1.00,25.0%,37.5%,Wii Games,795,"Gaming Software, Wii",Store & Online,8717418280994,https://au.webuy.com/sell/product-detail?id=8717418280994
Cars Toon Mater's Tall Tales,2.00,3.00,8.00,1.00,25.0%,37.5%,Wii Games,795,"Gaming Software, Wii",Store & Online,8717418280727,https://au.webuy.com/sell/product-detail?id=8717418280727
Club Penguin - Game Day,0.50,0.80,5.00,0.30,10.0%,16.0%,Wii Games,795,"Gaming Software, Wii",Store & Online,8717418275853,https://au.webuy.com/sell/product-detail?id=8717418275853
G-Force,0.50,0.80,5.00,0.30,10.0%,16.0%,Wii Games,795,"Gaming Software, Wii",Store & Online,8717418217266,https://au.webuy.com/sell/product-detail?id=8717418217266
Chronicles of Narnia: Prince Caspian,0.50,0.90,2.00,0.40,25.0%,45.0%,Wii Games,795,"Gaming Software, Wii",Store & Online,8717418165062,https://au.webuy.com/sell/product-detail?id=8717418165062
Nat Geo Quiz: Wild Life,0.40,0.80,3.00,0.40,13.3%,26.7%,Wii Games,795,"Gaming Software, Wii",Store & Online,8033102491942,https://au.webuy.com/sell/product-detail?id=8033102491942
Zumba Fitness - Without Belt,0.05,0.05,1.00,0.00,5.0%,5.0%,Wii Games,795,"Gaming Software, Wii",Store & Online,8023171024783NB,https://au.webuy.com/sell/product-detail?id=8023171024783NB
Baby and Me,0.30,0.70,2.50,0.40,12.0%,28.0%,Wii Games,795,"Gaming Software, Wii",Store & Online,8023171019758,https://au.webuy.com/sell/product-detail?id=8023171019758
Diva Ballerina,0.50,0.90,2.00,0.40,25.0%,45.0%,Wii Games,795,"Gaming Software, Wii",Store & Online,8023171019482,https://au.webuy.com/sell/product-detail?id=8023171019482
We Rock: Drum King,1.10,1.80,4.00,0.70,27.5%,45.0%,Wii Games,795,"Gaming Software, Wii",Out of Stock,8023171016559,https://au.webuy.com/sell/product-detail?id=8023171016559
Dave Mirra BMX Challenge,0.80,1.30,3.00,0.50,26.7%,43.3%,Wii Games,795,"Gaming Software, Wii",Store & Online,8023171010434,https://au.webuy.com/sell/product-detail?id=8023171010434
Kart Racer,1.40,2.00,5.00,0.60,28.0%,40.0%,Wii Games,795,"Gaming Software, Wii",Store & Online,7340044300364,https://au.webuy.com/sell/product-detail?id=7340044300364
Rubiks Puzzle World,1.10,1.80,4.00,0.70,27.5%,45.0%,Wii Games,795,"Gaming Software, Wii",Store & Online,5743211720330,https://au.webuy.com/sell/product-detail?id=5743211720330
Build A Bear Workshop: Friend Fur All Se,0.40,0.80,3.00,0.40,13.3%,26.7%,Wii Games,795,"Gaming Software, Wii",Store & Online,5743211720309,https://au.webuy.com/sell/product-detail?id=5743211720309
Zumba Fitness Core,0.50,0.90,2.00,0.40,25.0%,45.0%,Wii Games,795,"Gaming Software, Wii",Store & Online,5060288220403,https://au.webuy.com/sell/product-detail?id=5060288220403
Kylie Sing & Dance,0.50,0.90,3.50,0.40,14.3%,25.7%,Wii Games,795,"Gaming Software, Wii",Store & Online,5060286390054,https://au.webuy.com/sell/product-detail?id=5060286390054
Andrew Lloyd Webber Musicals,0.70,1.40,5.00,0.70,14.0%,28.0%,Wii Games,795,"Gaming Software, Wii",Store & Online,5060286390016,https://au.webuy.com/sell/product-detail?id=5060286390016
Reel Fishing: Angler's Dream,1.10,1.80,4.00,0.70,27.5%,45.0%,Wii Games,795,"Gaming Software, Wii",Store & Online,5060184980500,https://au.webuy.com/sell/product-detail?id=5060184980500
Wonderworld Amusement Park,1.10,1.80,4.00,0.70,27.5%,45.0%,Wii Games,795,"Gaming Software, Wii",Store & Online,5060136650420,https://au.webuy.com/sell/product-detail?id=5060136650420
Pool Party,0.70,1.40,5.00,0.70,14.0%,28.0%,Wii Games,795,"Gaming Software, Wii",Store & Online,5060112741029,https://au.webuy.com/sell/product-detail?id=5060112741029
Ferrari - Race Experience,1.60,2.00,6.00,0.40,26.7%,33.3%,Wii Games,795,"Gaming Software, Wii",Store & Online,5060057027509,https://au.webuy.com/sell/product-detail?id=5060057027509
Williams Pinball Classics,2.00,4.00,10.00,2.00,20.0%,40.0%,Wii Games,795,"Gaming Software, Wii",Store & Online,5060057025543,https://au.webuy.com/sell/product-detail?id=5060057025543
Mini Desktop Racing,2.00,3.00,8.00,1.00,25.0%,37.5%,Wii Games,795,"Gaming Software, Wii",Store & Online,5060048319255,https://au.webuy.com/sell/product-detail?id=5060048319255
Margot's Bepuzzled,0.40,0.80,3.00,0.40,13.3%,26.7%,Wii Games,795,"Gaming Software, Wii",Store & Online,5060034557173,https://au.webuy.com/sell/product-detail?id=5060034557173
Story Hour Adventures,0.05,0.05,1.00,0.00,5.0%,5.0%,Wii Games,795,"Gaming Software, Wii",Store & Online,5060034556374,https://au.webuy.com/sell/product-detail?id=5060034556374
Defendin' De Penguin,0.05,0.05,1.50,0.00,3.3%,3.3%,Wii Games,795,"Gaming Software, Wii",Store & Online,5055377600440,https://au.webuy.com/sell/product-detail?id=5055377600440
Speed (Game Only),1.10,1.80,4.00,0.70,27.5%,45.0%,Wii Games,795,"Gaming Software, Wii",Store & Online,5055377600310,https://au.webuy.com/sell/product-detail?id=5055377600310
Spyborgs,1.10,1.80,4.00,0.70,27.5%,45.0%,Wii Games,795,"Gaming Software, Wii",Store & Online,5055060951736,https://au.webuy.com/sell/product-detail?id=5055060951736
Vacation Isle Beach Party,0.30,0.50,2.00,0.20,15.0%,25.0%,Wii Games,795,"Gaming Software, Wii",Store & Online,5051892016414,https://au.webuy.com/sell/product-detail?id=5051892016414
Game Party 3,2.00,3.00,8.00,1.00,25.0%,37.5%,Wii Games,795,"Gaming Software, Wii",Store & Online,5051892010382,https://au.webuy.com/sell/product-detail?id=5051892010382
Space Chimps,0.60,1.10,4.00,0.50,15.0%,27.5%,Wii Games,795,"Gaming Software, Wii",Store & Online,5051600222021,https://au.webuy.com/sell/product-detail?id=5051600222021
Bob The Builder: Festival Of Fun,0.90,1.60,6.00,0.70,15.0%,26.7%,Wii Games,795,"Gaming Software, Wii",Store & Online,5051272005694,https://au.webuy.com/sell/product-detail?id=5051272005694
"Grim Adventures Of Billy & Mandy, The",2.00,4.00,10.00,2.00,20.0%,40.0%,Wii Games,795,"Gaming Software, Wii",Store & Online,5037930150210,https://au.webuy.com/sell/product-detail?id=5037930150210
Happy Feet,1.40,2.00,5.00,0.60,28.0%,40.0%,Wii Games,795,"Gaming Software, Wii",Store & Online,5037930150029,https://au.webuy.com/sell/product-detail?id=5037930150029
Charm Girls Club Pajama Party,0.05,0.05,1.00,0.00,5.0%,5.0%,Wii Games,795,"Gaming Software, Wii",Store & Online,5030941074117,https://au.webuy.com/sell/product-detail?id=5030941074117
AC/DC Live Rockband,0.50,0.90,3.50,0.40,14.3%,25.7%,Wii Games,795,"Gaming Software, Wii",Store & Online,5030941072694,https://au.webuy.com/sell/product-detail?id=5030941072694
Fifa 13,2.00,3.00,8.00,1.00,25.0%,37.5%,Wii Games,795,"Gaming Software, Wii",Store & Online,5030930109875,https://au.webuy.com/sell/product-detail?id=5030930109875
Harry Potter & The Deathly Hallows Pt2,2.00,4.00,10.00,2.00,20.0%,40.0%,Wii Games,795,"Gaming Software, Wii",Store & Online,5030930101848,https://au.webuy.com/sell/product-detail?id=5030930101848
Fifa 11,1.10,1.80,4.00,0.70,27.5%,45.0%,Wii Games,795,"Gaming Software, Wii",Store & Online,5030930092337,https://au.webuy.com/sell/product-detail?id=5030930092337
Monopoly Streets,1.40,2.00,5.00,0.60,28.0%,40.0%,Wii Games,795,"Gaming Software, Wii",Store & Online,5030930092146,https://au.webuy.com/sell/product-detail?id=5030930092146
EA Sports Active 2 + Heart Rate Monitor,0.80,1.30,3.00,0.50,26.7%,43.3%,Wii Games,795,"Gaming Software, Wii",Store & Online,5030930085407,https://au.webuy.com/sell/product-detail?id=5030930085407
Littlest Pet Shop: Friends,2.00,4.00,10.00,2.00,20.0%,40.0%,Wii Games,795,"Gaming Software, Wii",Out of Stock,5030930077341,https://au.webuy.com/sell/product-detail?id=5030930077341
Sim Animals Africa,0.50,0.80,5.00,0.30,10.0%,16.0%,Wii Games,795,"Gaming Software, Wii",Store & Online,5030930077228,https://au.webuy.com/sell/product-detail?id=5030930077228
Madden NFL 10,1.10,1.80,4.00,0.70,27.5%,45.0%,Wii Games,795,"Gaming Software, Wii",Store & Online,5030930075880,https://au.webuy.com/sell/product-detail?id=5030930075880
Boom Blox - Bash Party,1.40,2.00,5.00,0.60,28.0%,40.0%,Wii Games,795,"Gaming Software, Wii",Store & Online,5030930074494,https://au.webuy.com/sell/product-detail?id=5030930074494
Littlest Pet Shop,2.00,3.00,10.00,1.00,20.0%,30.0%,Wii Games,795,"Gaming Software, Wii",Store & Online,5030930066161,https://au.webuy.com/sell/product-detail?id=5030930066161
Sim City Creator,2.00,3.00,8.00,1.00,25.0%,37.5%,Wii Games,795,"Gaming Software, Wii",Store & Online,5030930065706,https://au.webuy.com/sell/product-detail?id=5030930065706
Call Of Duty Modern Warfare 3 (18),2.00,4.00,10.00,2.00,20.0%,40.0%,Wii Games,795,"Gaming Software, Wii",Store & Online,5030917096693,https://au.webuy.com/sell/product-detail?id=5030917096693
Zhu Zhu Pets: Wild Bunch,0.30,0.50,2.00,0.20,15.0%,25.0%,Wii Games,795,"Gaming Software, Wii",Store & Online,5030917089343,https://au.webuy.com/sell/product-detail?id=5030917089343
Ice Age 3: Dawn Of The Dinosaurs,1.40,2.00,5.00,0.60,28.0%,40.0%,Wii Games,795,"Gaming Software, Wii",Store & Online,5030917066849,https://au.webuy.com/sell/product-detail?id=5030917066849
Cabela's Dangerous Adventures,0.50,0.90,3.50,0.40,14.3%,25.7%,Wii Games,795,"Gaming Software, Wii",Out of Stock,5030917064821,https://au.webuy.com/sell/product-detail?id=5030917064821
Block Party - 20 Games,1.10,1.80,4.00,0.70,27.5%,45.0%,Wii Games,795,"Gaming Software, Wii",Store & Online,5030917064159,https://au.webuy.com/sell/product-detail?id=5030917064159
Monkey Mischief,1.10,1.80,4.00,0.70,27.5%,45.0%,Wii Games,795,"Gaming Software, Wii",Store & Online,5030917060199,https://au.webuy.com/sell/product-detail?id=5030917060199
Pirates Hunt For Black Beard's Booty,1.40,2.00,5.00,0.60,28.0%,40.0%,Wii Games,795,"Gaming Software, Wii",Store & Online,5030917060137,https://au.webuy.com/sell/product-detail?id=5030917060137
Kung Fu Panda - Legendary Warriors,2.00,3.00,8.00,1.00,25.0%,37.5%,Wii Games,795,"Gaming Software, Wii",Store & Online,5030917058950,https://au.webuy.com/sell/product-detail?id=5030917058950
Barbie Island Princess,2.00,4.00,10.00,2.00,20.0%,40.0%,Wii Games,795,"Gaming Software, Wii",Store & Online,5030917050152,https://au.webuy.com/sell/product-detail?id=5030917050152
Transformers The Game,2.00,3.00,8.00,1.00,25.0%,37.5%,Wii Games,795,"Gaming Software, Wii",Store & Online,5030917044700,https://au.webuy.com/sell/product-detail?id=5030917044700
Tony Hawk Downhill Jam,1.40,2.00,5.00,0.60,28.0%,40.0%,Wii Games,795,"Gaming Software, Wii",Store & Online,5030917037351,https://au.webuy.com/sell/product-detail?id=5030917037351
Top Spin 4,0.30,0.70,2.50,0.40,12.0%,28.0%,Wii Games,795,"Gaming Software, Wii",Store & Online,5026555044264,https://au.webuy.com/sell/product-detail?id=5026555044264
NBA 2K10,0.80,1.30,3.00,0.50,26.7%,43.3%,Wii Games,795,"Gaming Software, Wii",Store & Online,5026555044189,https://au.webuy.com/sell/product-detail?id=5026555044189
It's My Birthday,1.40,2.00,5.00,0.60,28.0%,40.0%,Wii Games,795,"Gaming Software, Wii",Store & Online,5026555043700,https://au.webuy.com/sell/product-detail?id=5026555043700
Fantastic 4 - Rise Of The Silver Surfer,0.50,0.90,3.50,0.40,14.3%,25.7%,Wii Games,795,"Gaming Software, Wii",Store & Online,5026555041706,https://au.webuy.com/sell/product-detail?id=5026555041706
Overlord - Dark Legend,0.80,1.30,3.00,0.50,26.7%,43.3%,Wii Games,795,"Gaming Software, Wii",Store & Online,5024866340211,https://au.webuy.com/sell/product-detail?id=5024866340211
Emergency Mayhem,1.10,1.80,4.00,0.70,27.5%,45.0%,Wii Games,795,"Gaming Software, Wii",Store & Online,5024866335804,https://au.webuy.com/sell/product-detail?id=5024866335804
Mensa Academy,0.50,0.80,5.00,0.30,10.0%,16.0%,Wii Games,795,"Gaming Software, Wii",Store & Online,5021290050396,https://au.webuy.com/sell/product-detail?id=5021290050396
Ultimate Board Game Collection,1.60,2.00,6.00,0.40,26.7%,33.3%,Wii Games,795,"Gaming Software, Wii",Store & Online,5017783027570,https://au.webuy.com/sell/product-detail?id=5017783027570
Water Sports,1.40,2.00,5.00,0.60,28.0%,40.0%,Wii Games,795,"Gaming Software, Wii",Store & Online,5016488120043,https://au.webuy.com/sell/product-detail?id=5016488120043
101 In 1 Party Megamix,2.00,3.00,8.00,1.00,25.0%,37.5%,Wii Games,795,"Gaming Software, Wii",Store & Online,4779026380415,https://au.webuy.com/sell/product-detail?id=4779026380415
Winter Sports 2009,2.00,4.00,10.00,2.00,20.0%,40.0%,Wii Games,795,"Gaming Software, Wii",Store & Online,4260176170181,https://au.webuy.com/sell/product-detail?id=4260176170181
Jillian Michaels' Fitness Ultimatum 2009,0.05,0.05,1.00,0.00,5.0%,5.0%,Wii Games,795,"Gaming Software, Wii",Store & Online,4020628504755,https://au.webuy.com/sell/product-detail?id=4020628504755
Igor - The Game,2.00,3.00,8.00,1.00,25.0%,37.5%,Wii Games,795,"Gaming Software, Wii",Store & Online,4020628504106,https://au.webuy.com/sell/product-detail?id=4020628504106
Summer Athletics,1.40,2.00,5.00,0.60,28.0%,40.0%,Wii Games,795,"Gaming Software, Wii",Store & Online,4017244020530,https://au.webuy.com/sell/product-detail?id=4017244020530
Sports Island 2,2.00,3.00,8.00,1.00,25.0%,37.5%,Wii Games,795,"Gaming Software, Wii",Store & Online,4012927091920,https://au.webuy.com/sell/product-detail?id=4012927091920
Fishing Master W/Fishing Rod,0.80,1.30,3.00,0.50,26.7%,43.3%,Wii Games,795,"Gaming Software, Wii",Store & Online,4012927090961,https://au.webuy.com/sell/product-detail?id=4012927090961
Disney Princess Enchanting Storybooks,0.30,0.50,2.00,0.20,15.0%,25.0%,Wii Games,795,"Gaming Software, Wii",Store & Online,4005209149754,https://au.webuy.com/sell/product-detail?id=4005209149754
Kung Fu Panda 2 (uDraw),0.50,0.90,3.50,0.40,14.3%,25.7%,Wii Games,795,"Gaming Software, Wii",Store & Online,4005209147705,https://au.webuy.com/sell/product-detail?id=4005209147705
Penguins of Madagascar Dr Blowhole Retur,1.40,2.00,5.00,0.60,28.0%,40.0%,Wii Games,795,"Gaming Software, Wii",Store & Online,4005209145275,https://au.webuy.com/sell/product-detail?id=4005209145275
Worms Battle Islands,2.00,4.00,10.00,2.00,20.0%,40.0%,Wii Games,795,"Gaming Software, Wii",Store & Online,4005209141574,https://au.webuy.com/sell/product-detail?id=4005209141574
UFC Personal Trainer W/out Leg Strap,0.50,0.90,3.50,0.40,14.3%,25.7%,Wii Games,795,"Gaming Software, Wii",Store & Online,4005209137942,https://au.webuy.com/sell/product-detail?id=4005209137942
Megamind: Mega Team Unite,1.10,1.80,4.00,0.70,27.5%,45.0%,Wii Games,795,"Gaming Software, Wii",Store & Online,4005209136914,https://au.webuy.com/sell/product-detail?id=4005209136914
Spongebob Boating Bash,0.80,1.30,8.00,0.50,10.0%,16.2%,Wii Games,795,"Gaming Software, Wii",Store & Online,4005209130714,https://au.webuy.com/sell/product-detail?id=4005209130714
WWE Smackdown Vs Raw 2010,1.60,2.00,6.00,0.40,26.7%,33.3%,Wii Games,795,"Gaming Software, Wii",Store & Online,4005209126267,https://au.webuy.com/sell/product-detail?id=4005209126267
World Of Zoo,0.70,1.40,5.00,0.70,14.0%,28.0%,Wii Games,795,"Gaming Software, Wii",Store & Online,4005209124034,https://au.webuy.com/sell/product-detail?id=4005209124034
WWE Smackdown Vs Raw 2009,0.05,0.05,1.50,0.00,3.3%,3.3%,Wii Games,795,"Gaming Software, Wii",Store & Online,4005209108546,https://au.webuy.com/sell/product-detail?id=4005209108546
Destroy All Humans 3: Big Willy Unleashe,2.00,4.00,10.00,2.00,20.0%,40.0%,Wii Games,795,"Gaming Software, Wii",Store & Online,4005209104197,https://au.webuy.com/sell/product-detail?id=4005209104197
Jenga World Tour,1.10,1.80,4.00,0.70,27.5%,45.0%,Wii Games,795,"Gaming Software, Wii",Store & Online,3546430131183,https://au.webuy.com/sell/product-detail?id=3546430131183
Cocoto Kart Racer 2,2.00,3.00,8.00,1.00,25.0%,37.5%,Wii Games,795,"Gaming Software, Wii",Store & Online,3499550298352,https://au.webuy.com/sell/product-detail?id=3499550298352
Deer Drive (No Rifle),1.40,2.00,5.00,0.60,28.0%,40.0%,Wii Games,795,"Gaming Software, Wii",Store & Online,3499550283709,https://au.webuy.com/sell/product-detail?id=3499550283709
Turbo Super Stunt Squad,2.00,3.00,8.00,1.00,25.0%,37.5%,Wii Games,795,"Gaming Software, Wii",Store & Online,3391891971218,https://au.webuy.com/sell/product-detail?id=3391891971218
Dance Juniors,1.40,2.00,5.00,0.60,28.0%,40.0%,Wii Games,795,"Gaming Software, Wii",Store & Online,3307219924934,https://au.webuy.com/sell/product-detail?id=3307219924934
Raving Rabbids Travel In Time,1.40,2.00,5.00,0.60,28.0%,40.0%,Wii Games,795,"Gaming Software, Wii",Store & Online,3307217936786,https://au.webuy.com/sell/product-detail?id=3307217936786
Driver: San Francisco,1.20,2.00,8.00,0.80,15.0%,25.0%,Wii Games,795,"Gaming Software, Wii",Store & Online,3307217929078,https://au.webuy.com/sell/product-detail?id=3307217929078
Dance on Broadway,0.30,0.70,2.50,0.40,12.0%,28.0%,Wii Games,795,"Gaming Software, Wii",Store & Online,3307217917846,https://au.webuy.com/sell/product-detail?id=3307217917846
Boot Camp Academy,0.40,0.80,3.00,0.40,13.3%,26.7%,Wii Games,795,"Gaming Software, Wii",Store & Online,3307212367059,https://au.webuy.com/sell/product-detail?id=3307212367059
Cooking Party/Cook-Off Party,1.10,1.80,4.00,0.70,27.5%,45.0%,Wii Games,795,"Gaming Software, Wii",Store & Online,3307211689657,https://au.webuy.com/sell/product-detail?id=3307211689657
CSI - Deadly Intent,1.40,2.00,5.00,0.60,28.0%,40.0%,Wii Games,795,"Gaming Software, Wii",Store & Online,3307211671973,https://au.webuy.com/sell/product-detail?id=3307211671973
Your Shape with Camera,0.30,0.70,2.50,0.40,12.0%,28.0%,Wii Games,795,"Gaming Software, Wii",Store & Online,3307211655881,https://au.webuy.com/sell/product-detail?id=3307211655881
Movie Studio Party,0.05,0.05,1.50,0.00,3.3%,3.3%,Wii Games,795,"Gaming Software, Wii",Store & Online,3307211504059,https://au.webuy.com/sell/product-detail?id=3307211504059
Emergency Heroes,1.10,1.80,4.00,0.70,27.5%,45.0%,Wii Games,795,"Gaming Software, Wii",Store & Online,3307210412065,https://au.webuy.com/sell/product-detail?id=3307210412065
Victorious Boxers Challenge,1.10,1.80,4.00,0.70,27.5%,45.0%,Wii Games,795,"Gaming Software, Wii",Store & Online,3307210407559,https://au.webuy.com/sell/product-detail?id=3307210407559
Cranium Kabooki (With Glasses),0.50,0.90,2.00,0.40,25.0%,45.0%,Wii Games,795,"Gaming Software, Wii",Store & Online,3307210332592,https://au.webuy.com/sell/product-detail?id=3307210332592
Monster 4x4: World Circuit,0.80,1.30,3.00,0.50,26.7%,43.3%,Wii Games,795,"Gaming Software, Wii",Store & Online,3307210245151,https://au.webuy.com/sell/product-detail?id=3307210245151
Star Wars Clone Wars: Republic Heroes,1.20,2.00,8.00,0.80,15.0%,25.0%,Wii Games,795,"Gaming Software, Wii",Store & Online,023272008345,https://au.webuy.com/sell/product-detail?id=023272008345
WWE 13,2.00,4.00,10.00,2.00,20.0%,40.0%,Wii Games,795,"Gaming Software, Wii",Store & Online,4005209167048,https://au.webuy.com/sell/product-detail?id=4005209167048
Blazing Angels - Squadrons Of WWII,1.10,1.80,4.00,0.70,27.5%,45.0%,Wii Games,795,"Gaming Software, Wii",Store & Online,3307210236722,https://au.webuy.com/sell/product-detail?id=3307210236722
Smarty Pants,0.30,0.50,2.00,0.20,15.0%,25.0%,Wii Games,795,"Gaming Software, Wii",Store & Online,5030930060657,https://au.webuy.com/sell/product-detail?id=5030930060657
Tangled,0.50,0.80,5.00,0.30,10.0%,16.0%,Wii Games,795,"Gaming Software, Wii",Store & Online,8717418281984,https://au.webuy.com/sell/product-detail?id=8717418281984
New U: Fitness First Personal Trainer,0.05,0.05,1.00,0.00,5.0%,5.0%,Wii Games,795,"Gaming Software, Wii",Store & Online,8033102490990,https://au.webuy.com/sell/product-detail?id=8033102490990
Zumba Fitness 2 w/Belt,0.50,0.90,2.00,0.40,25.0%,45.0%,Wii Games,795,"Gaming Software, Wii",Store & Online,5060288220267,https://au.webuy.com/sell/product-detail?id=5060288220267
Kidz Sports Basketball,0.80,1.30,3.00,0.50,26.7%,43.3%,Wii Games,795,"Gaming Software, Wii",Store & Online,5060048311310,https://au.webuy.com/sell/product-detail?id=5060048311310
Ready To Rumble Revolution,1.10,1.80,4.00,0.70,27.5%,45.0%,Wii Games,795,"Gaming Software, Wii",Store & Online,3546430143872,https://au.webuy.com/sell/product-detail?id=3546430143872
Asterix At The Olympics,1.40,2.00,5.00,0.60,28.0%,40.0%,Wii Games,795,"Gaming Software, Wii",Store & Online,3546430134160,https://au.webuy.com/sell/product-detail?id=3546430134160
Alone In The Dark,1.40,2.00,5.00,0.60,28.0%,40.0%,Wii Games,795,"Gaming Software, Wii",Store & Online,35430131749,https://au.webuy.com/sell/product-detail?id=35430131749
Aladin Magic Racer,2.00,4.00,10.00,2.00,20.0%,40.0%,Wii Games,795,"Gaming Software, Wii",Store & Online,3499550280272,https://au.webuy.com/sell/product-detail?id=3499550280272
Spiderwick Chronicles,1.40,2.00,5.00,0.60,28.0%,40.0%,Wii Games,795,"Gaming Software, Wii",Store & Online,3348542217126,https://au.webuy.com/sell/product-detail?id=3348542217126
Tom Clancy HAWX 2,1.40,2.00,5.00,0.60,28.0%,40.0%,Wii Games,795,"Gaming Software, Wii",Store & Online,3307217921850,https://au.webuy.com/sell/product-detail?id=3307217921850
Samurai Warriors 3,2.00,4.00,10.00,2.00,20.0%,40.0%,Wii Games,795,"Gaming Software, Wii",Store & Online,045496901936,https://au.webuy.com/sell/product-detail?id=045496901936
Wing Island,1.10,1.80,4.00,0.70,27.5%,45.0%,Wii Games,795,"Gaming Software, Wii",Store & Online,045496362775,https://au.webuy.com/sell/product-detail?id=045496362775
Epic Mickey 2: The Power Of Two,1.40,2.00,5.00,0.60,28.0%,40.0%,Wii Games,795,"Gaming Software, Wii",Store & Online,8717418378639,https://au.webuy.com/sell/product-detail?id=8717418378639
High School Musical 3: Sing it (With Mic),2.00,4.00,10.00,2.00,20.0%,40.0%,Wii Games,795,"Gaming Software, Wii",Store & Online,8717418182717,https://au.webuy.com/sell/product-detail?id=8717418182717
Hannah Montana: Spotlight World,0.70,1.40,5.00,0.70,14.0%,28.0%,Wii Games,795,"Gaming Software, Wii",Store & Online,8717418161514,https://au.webuy.com/sell/product-detail?id=8717418161514
Reload (Game Only),1.40,2.00,5.00,0.60,28.0%,40.0%,Wii Games,795,"Gaming Software, Wii",Store & Online,831053003096,https://au.webuy.com/sell/product-detail?id=831053003096
Monster High: Skultimate Roller Maze,2.00,3.00,8.00,1.00,25.0%,37.5%,Wii Games,795,"Gaming Software, Wii",Store & Online,8154030100215,https://au.webuy.com/sell/product-detail?id=8154030100215
We Sing: Robbie Williams (Game Only),0.05,0.05,1.00,0.00,5.0%,5.0%,Wii Games,795,"Gaming Software, Wii",Store & Online,7340044300968,https://au.webuy.com/sell/product-detail?id=7340044300968
Incredible Hulk: The Official Videogame,2.00,4.00,12.00,2.00,16.7%,33.3%,Wii Games,795,"Gaming Software, Wii",Out of Stock,5060138438125,https://au.webuy.com/sell/product-detail?id=5060138438125
Balls of Fury,0.80,1.30,3.00,0.50,26.7%,43.3%,Wii Games,795,"Gaming Software, Wii",Store & Online,5060034555285,https://au.webuy.com/sell/product-detail?id=5060034555285
Wicked Monsters Blast,0.90,1.50,3.50,0.60,25.7%,42.9%,Wii Games,795,"Gaming Software, Wii",Store & Online,5055474700005,https://au.webuy.com/sell/product-detail?id=5055474700005
Jambo Safari Ranger Adventure,0.30,0.70,2.50,0.40,12.0%,28.0%,Wii Games,795,"Gaming Software, Wii",Store & Online,5055277002498,https://au.webuy.com/sell/product-detail?id=5055277002498
Rock Band Song Pack 1,1.40,2.00,5.00,0.60,28.0%,40.0%,Wii Games,795,"Gaming Software, Wii",Store & Online,5030930068684,https://au.webuy.com/sell/product-detail?id=5030930068684
My Sims Party,0.30,0.50,2.00,0.20,15.0%,25.0%,Wii Games,795,"Gaming Software, Wii",Store & Online,5030930067137,https://au.webuy.com/sell/product-detail?id=5030930067137
Madden NFL 08,0.80,1.30,3.00,0.50,26.7%,43.3%,Wii Games,795,"Gaming Software, Wii",Store & Online,5030930055929,https://au.webuy.com/sell/product-detail?id=5030930055929
Bakugan: Defender Of The Core,2.00,4.00,10.00,2.00,20.0%,40.0%,Wii Games,795,"Gaming Software, Wii",Store & Online,5030917089237,https://au.webuy.com/sell/product-detail?id=5030917089237
iCarly,0.40,0.80,3.00,0.40,13.3%,26.7%,Wii Games,795,"Gaming Software, Wii",Store & Online,5030917075964,https://au.webuy.com/sell/product-detail?id=5030917075964
Pitfall - The Big Adventure,1.40,2.00,5.00,0.60,28.0%,40.0%,Wii Games,795,"Gaming Software, Wii",Store & Online,5030917060076,https://au.webuy.com/sell/product-detail?id=5030917060076
Call of Duty 3 (15),2.00,4.00,10.00,2.00,20.0%,40.0%,Wii Games,795,"Gaming Software, Wii",Store & Online,5030917036484,https://au.webuy.com/sell/product-detail?id=5030917036484
Bigs 2 Baseball,0.40,0.80,3.00,0.40,13.3%,26.7%,Wii Games,795,"Gaming Software, Wii",Store & Online,5026555043885,https://au.webuy.com/sell/product-detail?id=5026555043885
"Bigs, The",0.05,0.05,1.00,0.00,5.0%,5.0%,Wii Games,795,"Gaming Software, Wii",Store & Online,5026555041980,https://au.webuy.com/sell/product-detail?id=5026555041980
Mini Ninjas,1.40,2.00,5.00,0.60,28.0%,40.0%,Wii Games,795,"Gaming Software, Wii",Store & Online,5021290037878,https://au.webuy.com/sell/product-detail?id=5021290037878
Cursed Mountain,1.30,2.00,12.00,0.70,10.8%,16.7%,Wii Games,795,"Gaming Software, Wii",Out of Stock,4020628504328,https://au.webuy.com/sell/product-detail?id=4020628504328
Karaoke Revolution Glee Vol.2 + Mic,1.10,1.80,4.00,0.70,27.5%,45.0%,Wii Games,795,"Gaming Software, Wii",Out of Stock,4012927094464,https://au.webuy.com/sell/product-detail?id=4012927094464
Glee Karaoke Revolution w/o Microphone,0.80,1.30,3.00,0.50,26.7%,43.3%,Wii Games,795,"Gaming Software, Wii",Out of Stock,4012927094242,https://au.webuy.com/sell/product-detail?id=4012927094242
Eledees,2.00,4.00,10.00,2.00,20.0%,40.0%,Wii Games,795,"Gaming Software, Wii",Out of Stock,4012927090640,https://au.webuy.com/sell/product-detail?id=4012927090640
Deepak Chopra's Leela,0.70,1.40,5.00,0.70,14.0%,28.0%,Wii Games,795,"Gaming Software, Wii",Store & Online,4005209153133,https://au.webuy.com/sell/product-detail?id=4005209153133
Spongebob Squigglepants,1.20,2.00,4.50,0.80,26.7%,44.4%,Wii Games,795,"Gaming Software, Wii",Store & Online,4005209146739,https://au.webuy.com/sell/product-detail?id=4005209146739
WWE SmackDown Vs Raw 2011,2.00,3.00,8.00,1.00,25.0%,37.5%,Wii Games,795,"Gaming Software, Wii",Store & Online,4005209137096,https://au.webuy.com/sell/product-detail?id=4005209137096
Western Heroes (Game Only),0.30,0.50,2.00,0.20,15.0%,25.0%,Wii Games,795,"Gaming Software, Wii",Store & Online,349955028WHNG,https://au.webuy.com/sell/product-detail?id=349955028WHNG
Cloudy With A Chance Of Meatballs,2.00,3.00,8.00,1.00,25.0%,37.5%,Wii Games,795,"Gaming Software, Wii",Store & Online,3307211671089,https://au.webuy.com/sell/product-detail?id=3307211671089
Broken Sword - Shadow of the Templars,1.10,1.80,4.00,0.70,27.5%,45.0%,Wii Games,795,"Gaming Software, Wii",Store & Online,3307211641396,https://au.webuy.com/sell/product-detail?id=3307211641396
CSI: Hard Evidence (15),0.50,0.90,3.50,0.40,14.3%,25.7%,Wii Games,795,"Gaming Software, Wii",Store & Online,3307210327185,https://au.webuy.com/sell/product-detail?id=3307210327185
Sims 2 - The Castaway,2.00,4.00,10.00,2.00,20.0%,40.0%,Wii Games,795,"Gaming Software, Wii",Store & Online,5030930058739,https://au.webuy.com/sell/product-detail?id=5030930058739
G.I. Joe: The Rise of Cobra,0.30,0.50,2.00,0.20,15.0%,25.0%,Wii Games,795,"Gaming Software, Wii",Store & Online,5030930073824,https://au.webuy.com/sell/product-detail?id=5030930073824
Tiger Woods PGA Tour 08,0.05,0.05,1.50,0.00,3.3%,3.3%,Wii Games,795,"Gaming Software, Wii",Store & Online,5030930057237,https://au.webuy.com/sell/product-detail?id=5030930057237
UDraw Gametablet + UDraw Studio,2.00,3.00,8.00,1.00,25.0%,37.5%,Wii Games,795,"Gaming Software, Wii",Store & Online,4005209140881,https://au.webuy.com/sell/product-detail?id=4005209140881
Hip Hop Dance Experience,1.20,2.00,8.00,0.80,15.0%,25.0%,Wii Games,795,"Gaming Software, Wii",Out of Stock,3307215657904,https://au.webuy.com/sell/product-detail?id=3307215657904
Adventures Of Tintin: Secret Of The,0.90,1.60,6.00,0.70,15.0%,26.7%,Wii Games,795,"Gaming Software, Wii",Store & Online,3307215594117,https://au.webuy.com/sell/product-detail?id=3307215594117
Disney Princess: Enchanted Journey,2.00,3.00,8.00,1.00,25.0%,37.5%,Wii Games,795,"Gaming Software, Wii",Store & Online,8717418142001,https://au.webuy.com/sell/product-detail?id=8717418142001
Cooking Mama World: Babysitting*NO Doll*,0.80,1.30,8.00,0.50,10.0%,16.2%,Wii Games,795,"Gaming Software, Wii",Store & Online,8023171024WOD,https://au.webuy.com/sell/product-detail?id=8023171024WOD
Zumba Fitness 2 W/out Belt,0.30,0.50,2.00,0.20,15.0%,25.0%,Wii Games,795,"Gaming Software, Wii",Store & Online,506028822Z2NB,https://au.webuy.com/sell/product-detail?id=506028822Z2NB
Alien Syndrome,2.00,4.00,10.00,2.00,20.0%,40.0%,Wii Games,795,"Gaming Software, Wii",Store & Online,5060138431584,https://au.webuy.com/sell/product-detail?id=5060138431584
Zoo Hospital,0.90,1.50,3.50,0.60,25.7%,42.9%,Wii Games,795,"Gaming Software, Wii",Store & Online,5060136650314,https://au.webuy.com/sell/product-detail?id=5060136650314
Love Is... In Bloom,1.20,2.00,8.00,0.80,15.0%,25.0%,Wii Games,795,"Gaming Software, Wii",Store & Online,5060034557005,https://au.webuy.com/sell/product-detail?id=5060034557005
Thor,1.40,2.00,5.00,0.60,28.0%,40.0%,Wii Games,795,"Gaming Software, Wii",Store & Online,5055277011537,https://au.webuy.com/sell/product-detail?id=5055277011537
"Conduit, The",1.20,2.00,8.00,0.80,15.0%,25.0%,Wii Games,795,"Gaming Software, Wii",Store & Online,5055277000562,https://au.webuy.com/sell/product-detail?id=5055277000562
Nickelodeon Dance,1.40,2.00,5.00,0.60,28.0%,40.0%,Wii Games,795,"Gaming Software, Wii",Store & Online,5026555045414,https://au.webuy.com/sell/product-detail?id=5026555045414
De Blob 2,2.00,3.00,8.00,1.00,25.0%,37.5%,Wii Games,795,"Gaming Software, Wii",Store & Online,4005209138604,https://au.webuy.com/sell/product-detail?id=4005209138604
Anno: Create A New World,1.10,1.80,4.00,0.70,27.5%,45.0%,Wii Games,795,"Gaming Software, Wii",Store & Online,3307211648876,https://au.webuy.com/sell/product-detail?id=3307211648876
Pangya Golf With Style!,2.00,4.00,10.00,2.00,20.0%,40.0%,Wii Games,795,"Gaming Software, Wii",Store & Online,045496363185,https://au.webuy.com/sell/product-detail?id=045496363185
Wheel of Fortune,2.00,4.00,10.00,2.00,20.0%,40.0%,Wii Games,795,"Gaming Software, Wii",Out of Stock,4005209135757,https://au.webuy.com/sell/product-detail?id=4005209135757
Bleach - Shattered Blade,2.00,4.00,10.00,2.00,20.0%,40.0%,Wii Games,795,"Gaming Software, Wii",Store & Online,5060138435551,https://au.webuy.com/sell/product-detail?id=5060138435551
Hyper Fighters,1.40,2.00,5.00,0.60,28.0%,40.0%,Wii Games,795,"Gaming Software, Wii",Store & Online,5055377601911,https://au.webuy.com/sell/product-detail?id=5055377601911
NBA 2K12,2.00,3.00,8.00,1.00,25.0%,37.5%,Wii Games,795,"Gaming Software, Wii",Store & Online,5026555045292,https://au.webuy.com/sell/product-detail?id=5026555045292
Fast Food Panic,1.60,2.00,6.00,0.40,26.7%,33.3%,Wii Games,795,"Gaming Software, Wii",Store & Online,3760137146824,https://au.webuy.com/sell/product-detail?id=3760137146824
Tamagotchi Party On,2.00,3.00,8.00,1.00,25.0%,37.5%,Wii Games,795,"Gaming Software, Wii",Store & Online,3296580803576,https://au.webuy.com/sell/product-detail?id=3296580803576
Disney Universe,0.30,0.70,2.50,0.40,12.0%,28.0%,Wii Games,795,"Gaming Software, Wii",Store & Online,8717418326715,https://au.webuy.com/sell/product-detail?id=8717418326715
Ultimate Red Ball Challenge,1.40,2.00,5.00,0.60,28.0%,40.0%,Wii Games,795,"Gaming Software, Wii",Store & Online,5390102504144,https://au.webuy.com/sell/product-detail?id=5390102504144
Wii Sports (Cardboard Sleeve),2.00,4.00,10.00,2.00,20.0%,40.0%,Wii Games,795,"Gaming Software, Wii",Store & Online,SWIISPOE001,https://au.webuy.com/sell/product-detail?id=SWIISPOE001
Fishing Master (Game Only),1.40,2.00,5.00,0.60,28.0%,40.0%,Wii Games,795,"Gaming Software, Wii",Store & Online,SWIIFISHM001,https://au.webuy.com/sell/product-detail?id=SWIIFISHM001
Family Trainer Extreme Challenge (NO MAT,0.30,0.50,2.00,0.20,15.0%,25.0%,Wii Games,795,"Gaming Software, Wii",Store & Online,SWIIFAMEC001,https://au.webuy.com/sell/product-detail?id=SWIIFAMEC001
Family Trainer (No Mat),0.05,0.05,1.00,0.00,5.0%,5.0%,Wii Games,795,"Gaming Software, Wii",Store & Online,SWIIFAME001,https://au.webuy.com/sell/product-detail?id=SWIIFAME001
EA Sports Active 2 (Game Only),0.30,0.50,2.00,0.20,15.0%,25.0%,Wii Games,795,"Gaming Software, Wii",Store & Online,SWIIEASPOACT2,https://au.webuy.com/sell/product-detail?id=SWIIEASPOACT2
Sesame Street Cookie's Counting Carnival,1.40,2.00,5.00,0.60,28.0%,40.0%,Wii Games,795,"Gaming Software, Wii",Store & Online,9325336110911,https://au.webuy.com/sell/product-detail?id=9325336110911
LEGO Harry Potter Years 1-4 CE *5051892011310*,0.00,0.00,10.00,0.00,0.0%,0.0%,Wii Games,795,"Gaming Software, Wii",Store & Online,9325336104316,https://au.webuy.com/sell/product-detail?id=9325336104316
Pet Pals - Animal Doctor,1.10,1.80,4.00,0.70,27.5%,45.0%,Wii Games,795,"Gaming Software, Wii",Store & Online,9006113182054,https://au.webuy.com/sell/product-detail?id=9006113182054
Hardy Boys: The Hidden Theft,0.80,1.30,3.00,0.50,26.7%,43.3%,Wii Games,795,"Gaming Software, Wii",Out of Stock,9006113171102,https://au.webuy.com/sell/product-detail?id=9006113171102
Agatha Christie: Evil Under The Sun,2.00,3.00,10.00,1.00,20.0%,30.0%,Wii Games,795,"Gaming Software, Wii",Store & Online,9006113166504,https://au.webuy.com/sell/product-detail?id=9006113166504
Safecracker,2.00,3.00,8.00,1.00,25.0%,37.5%,Wii Games,795,"Gaming Software, Wii",Store & Online,9006113166306,https://au.webuy.com/sell/product-detail?id=9006113166306
Agatha Christie And Then There Were None,1.40,2.00,5.00,0.60,28.0%,40.0%,Wii Games,795,"Gaming Software, Wii",Store & Online,9006113150206,https://au.webuy.com/sell/product-detail?id=9006113150206
Max & The Magic Marker,1.40,2.00,5.00,0.60,28.0%,40.0%,Wii Games,795,"Gaming Software, Wii",Out of Stock,8718274540710,https://au.webuy.com/sell/product-detail?id=8718274540710
In The Mix,1.40,2.00,5.00,0.60,28.0%,40.0%,Wii Games,795,"Gaming Software, Wii",Out of Stock,8718274540208,https://au.webuy.com/sell/product-detail?id=8718274540208
Aliens In The Attic,2.00,3.00,10.00,1.00,20.0%,30.0%,Wii Games,795,"Gaming Software, Wii",Out of Stock,8717545402580,https://au.webuy.com/sell/product-detail?id=8717545402580
Sudoku Ball - Detective,1.40,2.00,5.00,0.60,28.0%,40.0%,Wii Games,795,"Gaming Software, Wii",Store & Online,8717545402436,https://au.webuy.com/sell/product-detail?id=8717545402436
Brave (Disney),2.00,3.00,8.00,1.00,25.0%,37.5%,Wii Games,795,"Gaming Software, Wii",Store & Online,8717418359591,https://au.webuy.com/sell/product-detail?id=8717418359591
Toy Story Mania (With Glasses),2.00,3.00,10.00,1.00,20.0%,30.0%,Wii Games,795,"Gaming Software, Wii",Out of Stock,8717418230814G,https://au.webuy.com/sell/product-detail?id=8717418230814G
Disney Sing It - Pop Hits,1.40,2.00,5.00,0.60,28.0%,40.0%,Wii Games,795,"Gaming Software, Wii",Store & Online,8717418227463,https://au.webuy.com/sell/product-detail?id=8717418227463
Ultimate Band,0.40,0.80,3.00,0.40,13.3%,26.7%,Wii Games,795,"Gaming Software, Wii",Store & Online,8717418201203,https://au.webuy.com/sell/product-detail?id=8717418201203
High School Musical 3: Sing It! + (No Mic),0.50,0.90,3.50,0.40,14.3%,25.7%,Wii Games,795,"Gaming Software, Wii",In Store Only,8717418185329B,https://au.webuy.com/sell/product-detail?id=8717418185329B
High School Musical: Sing It! (No Mic),0.05,0.05,1.00,0.00,5.0%,5.0%,Wii Games,795,"Gaming Software, Wii",Store & Online,8717418185312,https://au.webuy.com/sell/product-detail?id=8717418185312
Disney Sing It! (Game Only),0.40,0.80,3.00,0.40,13.3%,26.7%,Wii Games,795,"Gaming Software, Wii",Store & Online,8717418182540,https://au.webuy.com/sell/product-detail?id=8717418182540
Hannah Montana: Spotlight World tour,2.00,3.00,8.00,1.00,25.0%,37.5%,Wii Games,795,"Gaming Software, Wii",Store & Online,8717418161507,https://au.webuy.com/sell/product-detail?id=8717418161507
High School Musical (with Mic),1.40,2.00,5.00,0.60,28.0%,40.0%,Wii Games,795,"Gaming Software, Wii",Out of Stock,8717418135515,https://au.webuy.com/sell/product-detail?id=8717418135515
"High School Musical, Sing It + Mic",2.00,4.00,10.00,2.00,20.0%,40.0%,Wii Games,795,"Gaming Software, Wii",Out of Stock,8717418135461B,https://au.webuy.com/sell/product-detail?id=8717418135461B
"High School Musical, Sing It (W/out Mic)",0.70,1.40,5.00,0.70,14.0%,28.0%,Wii Games,795,"Gaming Software, Wii",Out of Stock,8717418135461,https://au.webuy.com/sell/product-detail?id=8717418135461
Chicken Little: Ace In Action,1.10,1.80,4.00,0.70,27.5%,45.0%,Wii Games,795,"Gaming Software, Wii",Store & Online,8717418115579,https://au.webuy.com/sell/product-detail?id=8717418115579
Real Madrid - The Game,2.00,3.00,8.00,1.00,25.0%,37.5%,Wii Games,795,"Gaming Software, Wii",Out of Stock,8430613001637,https://au.webuy.com/sell/product-detail?id=8430613001637
Remington SuperSlam Hunting N.A (Game),1.40,2.00,5.00,0.60,28.0%,40.0%,Wii Games,795,"Gaming Software, Wii",Out of Stock,83105300311N,https://au.webuy.com/sell/product-detail?id=83105300311N
Remington SuperSlamHunting NAmerica,1.40,2.00,5.00,0.60,28.0%,40.0%,Wii Games,795,"Gaming Software, Wii",Store & Online,831053003119,https://au.webuy.com/sell/product-detail?id=831053003119
Remington SuperSlam Hunting Africa(Game),1.40,2.00,5.00,0.60,28.0%,40.0%,Wii Games,795,"Gaming Software, Wii",Store & Online,83105300310N,https://au.webuy.com/sell/product-detail?id=83105300310N
Rec Room Games,1.60,2.00,6.00,0.40,26.7%,33.3%,Wii Games,795,"Gaming Software, Wii",Out of Stock,828068212896,https://au.webuy.com/sell/product-detail?id=828068212896
Busy Scissors,2.00,4.00,10.00,2.00,20.0%,40.0%,Wii Games,795,"Gaming Software, Wii",Out of Stock,8154030100048,https://au.webuy.com/sell/product-detail?id=8154030100048
Doctor Fizzwizzle's Animal Rescue,2.00,3.00,8.00,1.00,25.0%,37.5%,Wii Games,795,"Gaming Software, Wii",Out of Stock,815315001877,https://au.webuy.com/sell/product-detail?id=815315001877
National Geographic Challenge,1.40,2.00,5.00,0.60,28.0%,40.0%,Wii Games,795,"Gaming Software, Wii",Out of Stock,8033102494196,https://au.webuy.com/sell/product-detail?id=8033102494196
Get Fit With Mel B,1.40,2.00,5.00,0.60,28.0%,40.0%,Wii Games,795,"Gaming Software, Wii",Store & Online,8033102494165,https://au.webuy.com/sell/product-detail?id=8033102494165
New U - Yoga & Pilates Workout,1.40,2.00,5.00,0.60,28.0%,40.0%,Wii Games,795,"Gaming Software, Wii",Store & Online,8033102492284,https://au.webuy.com/sell/product-detail?id=8033102492284
All Round Hunter,2.00,3.00,8.00,1.00,25.0%,37.5%,Wii Games,795,"Gaming Software, Wii",Store & Online,8023171024615,https://au.webuy.com/sell/product-detail?id=8023171024615
Daisy Fuentes Pilates,2.00,4.00,10.00,2.00,20.0%,40.0%,Wii Games,795,"Gaming Software, Wii",Out of Stock,8023171023496,https://au.webuy.com/sell/product-detail?id=8023171023496
Jillian Michaels Fitness Ultimatum 2010,1.60,2.00,6.00,0.40,26.7%,33.3%,Wii Games,795,"Gaming Software, Wii",Out of Stock,8023171023441,https://au.webuy.com/sell/product-detail?id=8023171023441
Circus,0.40,0.80,3.00,0.40,13.3%,26.7%,Wii Games,795,"Gaming Software, Wii",Store & Online,8023171019666,https://au.webuy.com/sell/product-detail?id=8023171019666
"Mind, Body & Soul: Nutrition Matters",0.05,0.05,1.00,0.00,5.0%,5.0%,Wii Games,795,"Gaming Software, Wii",Store & Online,8023171019185,https://au.webuy.com/sell/product-detail?id=8023171019185
Diva Girls: Princess On Ice,0.80,1.30,3.00,0.50,26.7%,43.3%,Wii Games,795,"Gaming Software, Wii",Store & Online,8023171016368,https://au.webuy.com/sell/product-detail?id=8023171016368
Hotel For Dogs,1.10,1.80,4.00,0.70,27.5%,45.0%,Wii Games,795,"Gaming Software, Wii",Out of Stock,8023171016252,https://au.webuy.com/sell/product-detail?id=8023171016252
We Cheer,1.10,1.80,4.00,0.70,27.5%,45.0%,Wii Games,795,"Gaming Software, Wii",Out of Stock,8023171016061,https://au.webuy.com/sell/product-detail?id=8023171016061
Radio Helicopter,0.60,1.10,4.00,0.50,15.0%,27.5%,Wii Games,795,"Gaming Software, Wii",Out of Stock,8023171013787,https://au.webuy.com/sell/product-detail?id=8023171013787
Table Football,1.40,2.00,5.00,0.60,28.0%,40.0%,Wii Games,795,"Gaming Software, Wii",Out of Stock,8023171013299,https://au.webuy.com/sell/product-detail?id=8023171013299
Guilty Gear XX Accent Core,2.00,3.00,8.00,1.00,25.0%,37.5%,Wii Games,795,"Gaming Software, Wii",Store & Online,8023171012896,https://au.webuy.com/sell/product-detail?id=8023171012896
World Championship Poker,2.00,3.00,8.00,1.00,25.0%,37.5%,Wii Games,795,"Gaming Software, Wii",Out of Stock,8023171011141,https://au.webuy.com/sell/product-detail?id=8023171011141
Let's Dance with Mel B,2.00,3.00,8.00,1.00,25.0%,37.5%,Wii Games,795,"Gaming Software, Wii",Store & Online,8011642020358,https://au.webuy.com/sell/product-detail?id=8011642020358
Real Heroes: Firefighter,1.60,2.00,6.00,0.40,26.7%,33.3%,Wii Games,795,"Gaming Software, Wii",Out of Stock,793573719355,https://au.webuy.com/sell/product-detail?id=793573719355
Jungle Kartz (No Inflatable Kart),2.00,4.00,10.00,2.00,20.0%,40.0%,Wii Games,795,"Gaming Software, Wii",Out of Stock,7340044301255,https://au.webuy.com/sell/product-detail?id=7340044301255
We Sing: Robbie Williams + 2Mics +USBHub,2.00,3.00,8.00,1.00,25.0%,37.5%,Wii Games,795,"Gaming Software, Wii",Store & Online,7340044301019,https://au.webuy.com/sell/product-detail?id=7340044301019
Kart Racer with Racing Wheel,2.00,3.00,8.00,1.00,25.0%,37.5%,Wii Games,795,"Gaming Software, Wii",Out of Stock,7340044300814,https://au.webuy.com/sell/product-detail?id=7340044300814
We Sing Encore (Game Only),2.00,3.00,8.00,1.00,25.0%,37.5%,Wii Games,795,"Gaming Software, Wii",Store & Online,7340044300593,https://au.webuy.com/sell/product-detail?id=7340044300593
Crash Car Racer,2.00,4.00,10.00,2.00,20.0%,40.0%,Wii Games,795,"Gaming Software, Wii",Store & Online,7340044300562,https://au.webuy.com/sell/product-detail?id=7340044300562
Drag & Stock Racer,1.40,2.00,5.00,0.60,28.0%,40.0%,Wii Games,795,"Gaming Software, Wii",Store & Online,7340044300531,https://au.webuy.com/sell/product-detail?id=7340044300531
Rally Racer (Game Only),0.50,0.80,5.00,0.30,10.0%,16.0%,Wii Games,795,"Gaming Software, Wii",Store & Online,7340044300524,https://au.webuy.com/sell/product-detail?id=7340044300524
Sprint Cars,1.40,2.00,5.00,0.60,28.0%,40.0%,Wii Games,795,"Gaming Software, Wii",Store & Online,7340044300517,https://au.webuy.com/sell/product-detail?id=7340044300517
GP Classic Racing (Game Only),1.40,2.00,5.00,0.60,28.0%,40.0%,Wii Games,795,"Gaming Software, Wii",Store & Online,7340044300494,https://au.webuy.com/sell/product-detail?id=7340044300494
Dance Party Club Hits,0.80,1.30,3.00,0.50,26.7%,43.3%,Wii Games,795,"Gaming Software, Wii",Store & Online,7340044300333,https://au.webuy.com/sell/product-detail?id=7340044300333
Dance Party - Pop Hits (With Mat),2.00,3.00,8.00,1.00,25.0%,37.5%,Wii Games,795,"Gaming Software, Wii",Out of Stock,7340044300326,https://au.webuy.com/sell/product-detail?id=7340044300326
Truck Racer,1.40,2.00,5.00,0.60,28.0%,40.0%,Wii Games,795,"Gaming Software, Wii",Store & Online,7340044300166,https://au.webuy.com/sell/product-detail?id=7340044300166
Active Life Outdoor Challenge,1.10,1.80,4.00,0.70,27.5%,45.0%,Wii Games,795,"Gaming Software, Wii",Out of Stock,722674800129,https://au.webuy.com/sell/product-detail?id=722674800129
Major League Baseball 2K10,1.40,2.00,5.00,0.60,28.0%,40.0%,Wii Games,795,"Gaming Software, Wii",Out of Stock,710425347412,https://au.webuy.com/sell/product-detail?id=710425347412
Major League Baseball 2K9,0.30,0.50,2.00,0.20,15.0%,25.0%,Wii Games,795,"Gaming Software, Wii",Out of Stock,710425345371,https://au.webuy.com/sell/product-detail?id=710425345371
Bratz Kidz Party,2.00,4.00,10.00,2.00,20.0%,40.0%,Wii Games,795,"Gaming Software, Wii",Store & Online,5743211720262,https://au.webuy.com/sell/product-detail?id=5743211720262
Legend of the Dragon,1.40,2.00,5.00,0.60,28.0%,40.0%,Wii Games,795,"Gaming Software, Wii",Store & Online,5743211720026,https://au.webuy.com/sell/product-detail?id=5743211720026
My First Songs Solus,2.00,3.00,8.00,1.00,25.0%,37.5%,Wii Games,795,"Gaming Software, Wii",Store & Online,5390102515270,https://au.webuy.com/sell/product-detail?id=5390102515270
U-Sing 2 Game Only,2.00,3.00,8.00,1.00,25.0%,37.5%,Wii Games,795,"Gaming Software, Wii",Out of Stock,5390102513009,https://au.webuy.com/sell/product-detail?id=5390102513009
U-Sing: Girls Night (No Mic),2.00,4.00,10.00,2.00,20.0%,40.0%,Wii Games,795,"Gaming Software, Wii",Out of Stock,5390102512590B,https://au.webuy.com/sell/product-detail?id=5390102512590B
U-Sing: Dual Mic Pack,2.00,4.00,10.00,2.00,20.0%,40.0%,Wii Games,795,"Gaming Software, Wii",Store & Online,5390102511845,https://au.webuy.com/sell/product-detail?id=5390102511845
U-Sing (No Mic),0.30,0.70,2.50,0.40,12.0%,28.0%,Wii Games,795,"Gaming Software, Wii",Store & Online,5390102507381,https://au.webuy.com/sell/product-detail?id=5390102507381
Family Fortunes,2.00,3.00,8.00,1.00,25.0%,37.5%,Wii Games,795,"Gaming Software, Wii",Out of Stock,5390102506834,https://au.webuy.com/sell/product-detail?id=5390102506834
I'm A Celebrity... Get Me Out of Here!,0.60,1.10,4.00,0.50,15.0%,27.5%,Wii Games,795,"Gaming Software, Wii",Out of Stock,5390102504113,https://au.webuy.com/sell/product-detail?id=5390102504113
Golden Balls,1.10,1.80,4.00,0.70,27.5%,45.0%,Wii Games,795,"Gaming Software, Wii",Out of Stock,5390102498603,https://au.webuy.com/sell/product-detail?id=5390102498603
Fort Boyard,1.40,2.00,5.00,0.60,28.0%,40.0%,Wii Games,795,"Gaming Software, Wii",Out of Stock,5390102490768,https://au.webuy.com/sell/product-detail?id=5390102490768
Ram Racing,1.60,2.00,6.00,0.40,26.7%,33.3%,Wii Games,795,"Gaming Software, Wii",Out of Stock,5060216311364,https://au.webuy.com/sell/product-detail?id=5060216311364
Gummy Bears Minigolf,1.60,2.00,6.00,0.40,26.7%,33.3%,Wii Games,795,"Gaming Software, Wii",Store & Online,5060216311005,https://au.webuy.com/sell/product-detail?id=5060216311005
Chevrolet Camaro - Wild Ride,2.00,3.00,8.00,1.00,25.0%,37.5%,Wii Games,795,"Gaming Software, Wii",Store & Online,5060216310862,https://au.webuy.com/sell/product-detail?id=5060216310862
ATV Fever,1.10,1.80,4.00,0.70,27.5%,45.0%,Wii Games,795,"Gaming Software, Wii",Store & Online,5060216310725,https://au.webuy.com/sell/product-detail?id=5060216310725
Vegas Party,2.00,3.00,8.00,1.00,25.0%,37.5%,Wii Games,795,"Gaming Software, Wii",Store & Online,5060216310640,https://au.webuy.com/sell/product-detail?id=5060216310640
The Island of Dr Frankenstein,1.10,1.80,4.00,0.70,27.5%,45.0%,Wii Games,795,"Gaming Software, Wii",Store & Online,5060216310015,https://au.webuy.com/sell/product-detail?id=5060216310015
Dance! It's Your Stage,2.00,3.00,8.00,1.00,25.0%,37.5%,Wii Games,795,"Gaming Software, Wii",Out of Stock,5060201651871,https://au.webuy.com/sell/product-detail?id=5060201651871
Winter Sports 2012,2.00,3.00,8.00,1.00,25.0%,37.5%,Wii Games,795,"Gaming Software, Wii",Out of Stock,5060201651833,https://au.webuy.com/sell/product-detail?id=5060201651833
Musiic Party: Rock The House,1.40,2.00,5.00,0.60,28.0%,40.0%,Wii Games,795,"Gaming Software, Wii",Store & Online,5060201650980,https://au.webuy.com/sell/product-detail?id=5060201650980
Horrible Histories Ruthless Romans No Book,2.00,3.00,8.00,1.00,25.0%,37.5%,Wii Games,795,"Gaming Software, Wii",Out of Stock,5060193300160D,https://au.webuy.com/sell/product-detail?id=5060193300160D
WSC Real 09 (Includes Cue Attachment),1.40,2.00,5.00,0.60,28.0%,40.0%,Wii Games,795,"Gaming Software, Wii",Out of Stock,5060173290443,https://au.webuy.com/sell/product-detail?id=5060173290443
WSC Real 09 (No Cue),0.05,0.05,1.50,0.00,3.3%,3.3%,Wii Games,795,"Gaming Software, Wii",Store & Online,5060173290405,https://au.webuy.com/sell/product-detail?id=5060173290405
WSC Real 08 + Cues,2.00,3.00,8.00,1.00,25.0%,37.5%,Wii Games,795,"Gaming Software, Wii",Out of Stock,5060173290146,https://au.webuy.com/sell/product-detail?id=5060173290146
WSC Real: 2008 (No Cue),2.00,4.00,10.00,2.00,20.0%,40.0%,Wii Games,795,"Gaming Software, Wii",Store & Online,5060173290016,https://au.webuy.com/sell/product-detail?id=5060173290016
Sega Bass Fishing,2.00,3.00,10.00,1.00,20.0%,30.0%,Wii Games,795,"Wii, Gaming Software",Out of Stock,5060138435797,https://au.webuy.com/sell/product-detail?id=5060138435797
Golden Compass,0.80,1.30,3.00,0.50,26.7%,43.3%,Wii Games,795,"Gaming Software, Wii",Store & Online,5060138433250,https://au.webuy.com/sell/product-detail?id=5060138433250
Ultimate I-Spy,2.00,3.00,8.00,1.00,25.0%,37.5%,Wii Games,795,"Gaming Software, Wii",Out of Stock,5060136651038,https://au.webuy.com/sell/product-detail?id=5060136651038
Major Minor's Majestic March,1.10,1.80,4.00,0.70,27.5%,45.0%,Wii Games,795,"Gaming Software, Wii",Out of Stock,5060136650994,https://au.webuy.com/sell/product-detail?id=5060136650994
Wild Earth - African Safari,1.10,1.80,4.00,0.70,27.5%,45.0%,Wii Games,795,"Gaming Software, Wii",Store & Online,5060136650345,https://au.webuy.com/sell/product-detail?id=5060136650345
Secret Saturdays: Beasts of the 5th Sun,1.10,1.80,4.00,0.70,27.5%,45.0%,Wii Games,795,"Gaming Software, Wii",Store & Online,5060125483770,https://au.webuy.com/sell/product-detail?id=5060125483770
Family Party,1.20,2.00,8.00,0.80,15.0%,25.0%,Wii Games,795,"Gaming Software, Wii",Store & Online,5060125483060,https://au.webuy.com/sell/product-detail?id=5060125483060
Puzzle Quest - Challenge of the Warlords,2.00,3.00,8.00,1.00,25.0%,37.5%,Wii Games,795,"Gaming Software, Wii",Store & Online,5060125482148,https://au.webuy.com/sell/product-detail?id=5060125482148
Mahjong Party,1.40,2.00,5.00,0.60,28.0%,40.0%,Wii Games,795,"Gaming Software, Wii",Out of Stock,5060118411001,https://au.webuy.com/sell/product-detail?id=5060118411001
Pirates Vs Ninjas Dodgeball,0.80,1.30,3.00,0.50,26.7%,43.3%,Wii Games,795,"Gaming Software, Wii",Store & Online,5060112742637,https://au.webuy.com/sell/product-detail?id=5060112742637
Captain Morgane And The Golden Turtle,1.20,2.00,8.00,0.80,15.0%,25.0%,Wii Games,795,"Gaming Software, Wii",Store & Online,5060112430725,https://au.webuy.com/sell/product-detail?id=5060112430725
Sniper Eilte,1.60,2.00,6.00,0.40,26.7%,33.3%,Wii Games,795,"Gaming Software, Wii",Store & Online,5060112430534,https://au.webuy.com/sell/product-detail?id=5060112430534
Rogue Trooper,2.00,3.00,8.00,1.00,25.0%,37.5%,Wii Games,795,"Gaming Software, Wii",Out of Stock,5060112430435,https://au.webuy.com/sell/product-detail?id=5060112430435
Super Swing,1.40,2.00,5.00,0.60,28.0%,40.0%,Wii Games,795,"Gaming Software, Wii",Out of Stock,5060102951322,https://au.webuy.com/sell/product-detail?id=5060102951322
Champion Jockey,1.10,1.80,4.00,0.70,27.5%,45.0%,Wii Games,795,"Gaming Software, Wii",Store & Online,5060073308101,https://au.webuy.com/sell/product-detail?id=5060073308101
G1 Jockey 2008,0.20,0.40,1.50,0.20,13.3%,26.7%,Wii Games,795,"Gaming Software, Wii",Store & Online,5060073305346,https://au.webuy.com/sell/product-detail?id=5060073305346
G1 Jockey,0.80,1.30,3.00,0.50,26.7%,43.3%,Wii Games,795,"Gaming Software, Wii",Store & Online,5060073303571,https://au.webuy.com/sell/product-detail?id=5060073303571
Ferrari Challenge Deluxe,0.80,1.30,8.00,0.50,10.0%,16.2%,Wii Games,795,"Gaming Software, Wii",Store & Online,5060057026700,https://au.webuy.com/sell/product-detail?id=5060057026700
Ferrari Challenge,1.40,2.00,5.00,0.60,28.0%,40.0%,Wii Games,795,"Gaming Software, Wii",Store & Online,5060057026311,https://au.webuy.com/sell/product-detail?id=5060057026311
Impossible Mission,0.40,0.80,3.00,0.40,13.3%,26.7%,Wii Games,795,"Gaming Software, Wii",Store & Online,5060057025345,https://au.webuy.com/sell/product-detail?id=5060057025345
George of the Jungle,1.10,1.80,4.00,0.70,27.5%,45.0%,Wii Games,795,"Gaming Software, Wii",Store & Online,5060050945831,https://au.webuy.com/sell/product-detail?id=5060050945831
Mercury Meltdown Revolution,1.40,2.00,5.00,0.60,28.0%,40.0%,Wii Games,795,"Gaming Software, Wii",Store & Online,5060050945244,https://au.webuy.com/sell/product-detail?id=5060050945244
Mercury Meltdown Revolution,1.10,1.80,4.00,0.70,27.5%,45.0%,Wii Games,795,"Gaming Software, Wii",Out of Stock,5060050945183,https://au.webuy.com/sell/product-detail?id=5060050945183
Kidz Sports - International Football,1.10,1.80,4.00,0.70,27.5%,45.0%,Wii Games,795,"Gaming Software, Wii",Store & Online,5060048319972,https://au.webuy.com/sell/product-detail?id=5060048319972
Kawasaki Snowmobiles,1.40,2.00,5.00,0.60,28.0%,40.0%,Wii Games,795,"Gaming Software, Wii",Out of Stock,5060048319934,https://au.webuy.com/sell/product-detail?id=5060048319934
Kawasaki Jet Ski,1.10,1.80,4.00,0.70,27.5%,45.0%,Wii Games,795,"Gaming Software, Wii",Store & Online,5060048319880,https://au.webuy.com/sell/product-detail?id=5060048319880
Mythmakers - Orbs Of Doom,1.40,2.00,5.00,0.60,28.0%,40.0%,Wii Games,795,"Gaming Software, Wii",Out of Stock,5060048319781,https://au.webuy.com/sell/product-detail?id=5060048319781
Action Girlz Racing,1.40,2.00,5.00,0.60,28.0%,40.0%,Wii Games,795,"Gaming Software, Wii",Store & Online,5060048319767,https://au.webuy.com/sell/product-detail?id=5060048319767
Mythmakers Superkart GP,0.50,0.80,5.00,0.30,10.0%,16.0%,Wii Games,795,"Gaming Software, Wii",Store & Online,5060048319712,https://au.webuy.com/sell/product-detail?id=5060048319712
Trixie In Toyland,1.40,2.00,5.00,0.60,28.0%,40.0%,Wii Games,795,"Gaming Software, Wii",Store & Online,5060048319415,https://au.webuy.com/sell/product-detail?id=5060048319415
Rock N Roll Adventures,0.80,1.30,3.00,0.50,26.7%,43.3%,Wii Games,795,"Gaming Software, Wii",Store & Online,5060048319293,https://au.webuy.com/sell/product-detail?id=5060048319293
Billy the Wizard,0.40,0.80,3.00,0.40,13.3%,26.7%,Wii Games,795,"Gaming Software, Wii",Store & Online,5060048319286,https://au.webuy.com/sell/product-detail?id=5060048319286
Ninjabread Man,2.00,4.00,10.00,2.00,20.0%,40.0%,Wii Games,795,"Gaming Software, Wii",Store & Online,5060048319279,https://au.webuy.com/sell/product-detail?id=5060048319279
Offroad Extreme,0.05,0.05,3.00,0.00,1.7%,1.7%,Wii Games,795,"Gaming Software, Wii",Store & Online,5060048311990,https://au.webuy.com/sell/product-detail?id=5060048311990
Hamster Heroes,0.40,0.80,3.00,0.40,13.3%,26.7%,Wii Games,795,"Gaming Software, Wii",Out of Stock,5060048311662,https://au.webuy.com/sell/product-detail?id=5060048311662
Monster Trux - Offroad,1.40,2.00,5.00,0.60,28.0%,40.0%,Wii Games,795,"Gaming Software, Wii",Store & Online,5060048311617,https://au.webuy.com/sell/product-detail?id=5060048311617
Rig Racer 2,2.00,3.00,8.00,1.00,25.0%,37.5%,Wii Games,795,"Gaming Software, Wii",Store & Online,5060048311518,https://au.webuy.com/sell/product-detail?id=5060048311518
Classic British Motor Racing,2.00,3.00,8.00,1.00,25.0%,37.5%,Wii Games,795,"Gaming Software, Wii",Store & Online,5060048311464,https://au.webuy.com/sell/product-detail?id=5060048311464
London Taxi Rush Hour,0.30,0.50,2.00,0.20,15.0%,25.0%,Wii Games,795,"Gaming Software, Wii",Out of Stock,5060048311419,https://au.webuy.com/sell/product-detail?id=5060048311419
Kidz Sports Ice Hockey,0.20,0.40,1.50,0.20,13.3%,26.7%,Wii Games,795,"Gaming Software, Wii",Store & Online,5060048311365,https://au.webuy.com/sell/product-detail?id=5060048311365
Smiley World: Island Challenge,0.70,1.40,5.00,0.70,14.0%,28.0%,Wii Games,795,"Gaming Software, Wii",Store & Online,5060034557043,https://au.webuy.com/sell/product-detail?id=5060034557043
Jelly Belly: Ballistic Beans,1.10,1.80,4.00,0.70,27.5%,45.0%,Wii Games,795,"Gaming Software, Wii",Store & Online,5060034556862,https://au.webuy.com/sell/product-detail?id=5060034556862
Skate City Heroes,1.10,1.80,4.00,0.70,27.5%,45.0%,Wii Games,795,"Gaming Software, Wii",Store & Online,5060034556527,https://au.webuy.com/sell/product-detail?id=5060034556527
Calvin Tucker's Redneck Jamboree,0.60,1.10,4.00,0.50,15.0%,27.5%,Wii Games,795,"Gaming Software, Wii",Store & Online,5060034556428,https://au.webuy.com/sell/product-detail?id=5060034556428
Twin Strike: Operation Thunder,0.80,1.30,3.00,0.50,26.7%,43.3%,Wii Games,795,"Gaming Software, Wii",Store & Online,5060034556411,https://au.webuy.com/sell/product-detail?id=5060034556411
Story Hour Fairy Tales,0.30,0.50,2.00,0.20,15.0%,25.0%,Wii Games,795,"Gaming Software, Wii",Store & Online,5060034556367,https://au.webuy.com/sell/product-detail?id=5060034556367
Puzzle Kingdoms,0.80,1.30,3.00,0.50,26.7%,43.3%,Wii Games,795,"Gaming Software, Wii",Store & Online,5060034556336,https://au.webuy.com/sell/product-detail?id=5060034556336
Bigfoot - Collision Course,1.60,2.00,6.00,0.40,26.7%,33.3%,Wii Games,795,"Gaming Software, Wii",Store & Online,5060034556251,https://au.webuy.com/sell/product-detail?id=5060034556251
Army Men - Soldiers of Misfortune,1.10,1.80,4.00,0.70,27.5%,45.0%,Wii Games,795,"Gaming Software, Wii",Store & Online,5060034556213,https://au.webuy.com/sell/product-detail?id=5060034556213
Margot's Word Brain,1.40,2.00,5.00,0.60,28.0%,40.0%,Wii Games,795,"Gaming Software, Wii",Out of Stock,5060034556015,https://au.webuy.com/sell/product-detail?id=5060034556015
Chrysler Classic Racing,0.80,1.30,3.00,0.50,26.7%,43.3%,Wii Games,795,"Gaming Software, Wii",Store & Online,5060034555841,https://au.webuy.com/sell/product-detail?id=5060034555841
Showtime Championship Boxing,0.50,0.80,5.00,0.30,10.0%,16.0%,Wii Games,795,"Gaming Software, Wii",Store & Online,5060034555452,https://au.webuy.com/sell/product-detail?id=5060034555452
Arctic Tale,1.40,2.00,5.00,0.60,28.0%,40.0%,Wii Games,795,"Gaming Software, Wii",Store & Online,5060034555384,https://au.webuy.com/sell/product-detail?id=5060034555384
Sea Monsters,1.60,2.00,6.00,0.40,26.7%,33.3%,Wii Games,795,"Wii, Gaming Software",Out of Stock,5060034555247,https://au.webuy.com/sell/product-detail?id=5060034555247
PDC World Championship Darts: ProTour,1.60,2.00,6.00,0.40,26.7%,33.3%,Wii Games,795,"Gaming Software, Wii",Out of Stock,5060015539693,https://au.webuy.com/sell/product-detail?id=5060015539693
Challenge Me: Word Puzzles,2.00,4.00,10.00,2.00,20.0%,40.0%,Wii Games,795,"Gaming Software, Wii",Store & Online,5060015539563,https://au.webuy.com/sell/product-detail?id=5060015539563
Get Up And Dance,0.90,1.60,6.00,0.70,15.0%,26.7%,Wii Games,795,"Gaming Software, Wii",Store & Online,5060015539525,https://au.webuy.com/sell/product-detail?id=5060015539525
Marines,1.60,2.00,6.00,0.40,26.7%,33.3%,Wii Games,795,"Gaming Software, Wii",Store & Online,5060015539365,https://au.webuy.com/sell/product-detail?id=5060015539365
Great Party Games,0.80,1.30,8.00,0.50,10.0%,16.2%,Wii Games,795,"Gaming Software, Wii",Store & Online,5060015539358,https://au.webuy.com/sell/product-detail?id=5060015539358
Hysteria Hospital - Emergency Ward,1.60,2.00,6.00,0.40,26.7%,33.3%,Wii Games,795,"Gaming Software, Wii",Store & Online,5060015539167,https://au.webuy.com/sell/product-detail?id=5060015539167
Cate West: The Vanishing Files,2.00,3.00,8.00,1.00,25.0%,37.5%,Wii Games,795,"Gaming Software, Wii",Out of Stock,5060015539020,https://au.webuy.com/sell/product-detail?id=5060015539020
Alan Hansen Sports Challenge,1.40,2.00,5.00,0.60,28.0%,40.0%,Wii Games,795,"Gaming Software, Wii",Out of Stock,5060015538252,https://au.webuy.com/sell/product-detail?id=5060015538252
Alan Hansen's Sport Challenge,0.80,1.30,3.00,0.50,26.7%,43.3%,Wii Games,795,"Gaming Software, Wii",Out of Stock,5060015537361,https://au.webuy.com/sell/product-detail?id=5060015537361
Cheggers Party Quiz,0.90,1.50,3.50,0.60,25.7%,42.9%,Wii Games,795,"Gaming Software, Wii",Out of Stock,5060015537224,https://au.webuy.com/sell/product-detail?id=5060015537224
PDC World Championship Darts 2008,2.00,4.00,10.00,2.00,20.0%,40.0%,Wii Games,795,"Gaming Software, Wii",Out of Stock,5060015537217,https://au.webuy.com/sell/product-detail?id=5060015537217
CID The Dummy,1.10,1.80,4.00,0.70,27.5%,45.0%,Wii Games,795,"Gaming Software, Wii",Out of Stock,5060015537095,https://au.webuy.com/sell/product-detail?id=5060015537095
King Of Clubs,1.10,1.80,4.00,0.70,27.5%,45.0%,Wii Games,795,"Gaming Software, Wii",Store & Online,5060015536395,https://au.webuy.com/sell/product-detail?id=5060015536395
Cartoon Network Punch Time Explosion XL,1.60,2.00,6.00,0.40,26.7%,33.3%,Wii Games,795,"Gaming Software, Wii",Store & Online,5060015030466,https://au.webuy.com/sell/product-detail?id=5060015030466
Supersonic Racer,1.40,2.00,5.00,0.60,28.0%,40.0%,Wii Games,795,"Gaming Software, Wii",Out of Stock,5055377601928,https://au.webuy.com/sell/product-detail?id=5055377601928
Flatout,2.00,3.00,8.00,1.00,25.0%,37.5%,Wii Games,795,"Gaming Software, Wii",Out of Stock,5055377601904,https://au.webuy.com/sell/product-detail?id=5055377601904
Dino Strike,0.80,1.30,3.00,0.50,26.7%,43.3%,Wii Games,795,"Gaming Software, Wii",Store & Online,5055377601553,https://au.webuy.com/sell/product-detail?id=5055377601553
Calvin Tucker's - Farm Animals Racing,2.00,4.00,10.00,2.00,20.0%,40.0%,Wii Games,795,"Gaming Software, Wii",Out of Stock,5055377601317,https://au.webuy.com/sell/product-detail?id=5055377601317
Glacier 3 (7),1.40,2.00,5.00,0.60,28.0%,40.0%,Wii Games,795,"Gaming Software, Wii",Out of Stock,5055377601287,https://au.webuy.com/sell/product-detail?id=5055377601287
Fit and Fun,0.05,0.05,1.00,0.00,5.0%,5.0%,Wii Games,795,"Gaming Software, Wii",Store & Online,5055377601218,https://au.webuy.com/sell/product-detail?id=5055377601218
North American Hunting 2,2.00,4.00,10.00,2.00,20.0%,40.0%,Wii Games,795,"Gaming Software, Wii",Store & Online,5055377601195,https://au.webuy.com/sell/product-detail?id=5055377601195
We Wish You A Merry Christmas,0.90,1.50,3.50,0.60,25.7%,42.9%,Wii Games,795,"Gaming Software, Wii",Out of Stock,5055377601027,https://au.webuy.com/sell/product-detail?id=5055377601027
Tournament Of Legends,1.40,2.00,5.00,0.60,28.0%,40.0%,Wii Games,795,"Gaming Software, Wii",Store & Online,5055277006731,https://au.webuy.com/sell/product-detail?id=5055277006731
Sonic & Sega All-Star Racing & Wheel,2.00,4.00,10.00,2.00,20.0%,40.0%,Wii Games,795,"Gaming Software, Wii",Out of Stock,5055277005215,https://au.webuy.com/sell/product-detail?id=5055277005215
Planet 51,1.10,1.80,4.00,0.70,27.5%,45.0%,Wii Games,795,"Gaming Software, Wii",Store & Online,5055277002603,https://au.webuy.com/sell/product-detail?id=5055277002603
Jambo Safari,0.50,0.80,5.00,0.30,10.0%,16.0%,Wii Games,795,"Gaming Software, Wii",Store & Online,5055277002443,https://au.webuy.com/sell/product-detail?id=5055277002443
"Virtua Tennis 2009, Championship Pack",1.40,2.00,5.00,0.60,28.0%,40.0%,Wii Games,795,"Gaming Software, Wii",Store & Online,5055277001132,https://au.webuy.com/sell/product-detail?id=5055277001132
Let's Tap Bundle,1.10,1.80,4.00,0.70,27.5%,45.0%,Wii Games,795,"Gaming Software, Wii",Out of Stock,5055277000548,https://au.webuy.com/sell/product-detail?id=5055277000548
MotoGP 08,2.00,4.00,10.00,2.00,20.0%,40.0%,Wii Games,795,"Gaming Software, Wii",Store & Online,5055060951163,https://au.webuy.com/sell/product-detail?id=5055060951163
We Love Golf,1.40,2.00,5.00,0.60,28.0%,40.0%,Wii Games,795,"Gaming Software, Wii",Store & Online,5055060951088,https://au.webuy.com/sell/product-detail?id=5055060951088
ATV Quad Kings,1.40,2.00,5.00,0.60,28.0%,40.0%,Wii Games,795,"Gaming Software, Wii",Store & Online,5052190000358,https://au.webuy.com/sell/product-detail?id=5052190000358
Happy Feet 2,1.10,1.80,4.00,0.70,27.5%,45.0%,Wii Games,795,"Gaming Software, Wii",Store & Online,5051892061834,https://au.webuy.com/sell/product-detail?id=5051892061834
Scene It! Bright Lights Big.. W/out Buzz,1.60,2.00,6.00,0.40,26.7%,33.3%,Wii Games,795,"Gaming Software, Wii",Store & Online,5051892010542,https://au.webuy.com/sell/product-detail?id=5051892010542
Where The Wild Things Are,0.60,1.10,4.00,0.50,15.0%,27.5%,Wii Games,795,"Gaming Software, Wii",Store & Online,5051892010276,https://au.webuy.com/sell/product-detail?id=5051892010276
"Lord Of The Rings, Aragorn's Quest",1.40,2.00,5.00,0.60,28.0%,40.0%,Wii Games,795,"Gaming Software, Wii",Store & Online,5051892009874,https://au.webuy.com/sell/product-detail?id=5051892009874
Guinness World Records,0.70,1.40,5.00,0.70,14.0%,28.0%,Wii Games,795,"Gaming Software, Wii",Out of Stock,5051600226333,https://au.webuy.com/sell/product-detail?id=5051600226333
Tale Of Despereaux,2.00,3.00,8.00,1.00,25.0%,37.5%,Wii Games,795,"Gaming Software, Wii",Out of Stock,5051600226289,https://au.webuy.com/sell/product-detail?id=5051600226289
Casper's Scare School: Spooky Sportsday,1.40,2.00,5.00,0.60,28.0%,40.0%,Wii Games,795,"Gaming Software, Wii",Store & Online,5051272005762,https://au.webuy.com/sell/product-detail?id=5051272005762
Pop Star Guitar (No Guitar),0.30,0.50,2.00,0.20,15.0%,25.0%,Wii Games,795,"Gaming Software, Wii",Store & Online,5037930150616D,https://au.webuy.com/sell/product-detail?id=5037930150616D
Pop Star Guitar (With Guitar),0.80,1.30,3.00,0.50,26.7%,43.3%,Wii Games,795,"Gaming Software, Wii",Out of Stock,5037930150616,https://au.webuy.com/sell/product-detail?id=5037930150616
Cruis'in,2.00,4.00,10.00,2.00,20.0%,40.0%,Wii Games,795,"Gaming Software, Wii",Store & Online,5037930150333,https://au.webuy.com/sell/product-detail?id=5037930150333
Ant Bully,1.40,2.00,5.00,0.60,28.0%,40.0%,Wii Games,795,"Gaming Software, Wii",Store & Online,5037930150173,https://au.webuy.com/sell/product-detail?id=5037930150173
International Athletics,1.10,1.80,4.00,0.70,27.5%,45.0%,Wii Games,795,"Gaming Software, Wii",Out of Stock,5036675012777,https://au.webuy.com/sell/product-detail?id=5036675012777
Clever Kids: Creepy Crawlies,1.10,1.80,4.00,0.70,27.5%,45.0%,Wii Games,795,"Gaming Software, Wii",Store & Online,5036675012531,https://au.webuy.com/sell/product-detail?id=5036675012531
Mary King's Riding School 2,2.00,3.00,8.00,1.00,25.0%,37.5%,Wii Games,795,"Gaming Software, Wii",Store & Online,5036675012050,https://au.webuy.com/sell/product-detail?id=5036675012050
Dancing On Ice,1.10,1.80,4.00,0.70,27.5%,45.0%,Wii Games,795,"Gaming Software, Wii",Store & Online,5036675011954,https://au.webuy.com/sell/product-detail?id=5036675011954
Facebreaker K.O. Party,0.80,1.30,3.00,0.50,26.7%,43.3%,Wii Games,795,"Gaming Software, Wii",Store & Online,5030941067546,https://au.webuy.com/sell/product-detail?id=5030941067546
Fifa 14,2.00,4.00,10.00,2.00,20.0%,40.0%,Wii Games,795,"Gaming Software, Wii",In Store Only,5030935111422,https://au.webuy.com/sell/product-detail?id=5030935111422
Create,1.40,2.00,5.00,0.60,28.0%,40.0%,Wii Games,795,"Gaming Software, Wii",Store & Online,5030930091750,https://au.webuy.com/sell/product-detail?id=5030930091750
Boogie Superstar + Mic,2.00,3.00,8.00,1.00,25.0%,37.5%,Wii Games,795,"Gaming Software, Wii",Store & Online,5030930069094,https://au.webuy.com/sell/product-detail?id=5030930069094
NBA Live 09,0.05,0.05,1.50,0.00,3.3%,3.3%,Wii Games,795,"Gaming Software, Wii",Store & Online,5030930067380,https://au.webuy.com/sell/product-detail?id=5030930067380
Fifa 09,1.40,2.00,5.00,0.60,28.0%,40.0%,Wii Games,795,"Gaming Software, Wii",Out of Stock,5030930067274,https://au.webuy.com/sell/product-detail?id=5030930067274
Madden NFL 09: All Play,0.30,0.50,3.00,0.20,10.0%,16.7%,Wii Games,795,"Wii, Gaming Software",Out of Stock,5030930065713,https://au.webuy.com/sell/product-detail?id=5030930065713
Rock Band (Game Only),1.10,1.80,4.00,0.70,27.5%,45.0%,Wii Games,795,"Gaming Software, Wii",Store & Online,5030930064679,https://au.webuy.com/sell/product-detail?id=5030930064679
Ninja Reflex,0.05,0.05,3.00,0.00,1.7%,1.7%,Wii Games,795,"Gaming Software, Wii",Store & Online,5030930063672,https://au.webuy.com/sell/product-detail?id=5030930063672
NBA Live 08,1.10,1.80,4.00,0.70,27.5%,45.0%,Wii Games,795,"Gaming Software, Wii",Store & Online,5030930059224,https://au.webuy.com/sell/product-detail?id=5030930059224
Boogie - With Microphone,1.60,2.00,6.00,0.40,26.7%,33.3%,Wii Games,795,"Gaming Software, Wii",Out of Stock,5030930058777,https://au.webuy.com/sell/product-detail?id=5030930058777
Tiger Woods PGA Tour 07,0.05,0.05,1.00,0.00,5.0%,5.0%,Wii Games,795,"Gaming Software, Wii",Store & Online,5030930055127,https://au.webuy.com/sell/product-detail?id=5030930055127
Madden 07,0.05,0.05,1.50,0.00,3.3%,3.3%,Wii Games,795,"Gaming Software, Wii",Store & Online,5030930053369,https://au.webuy.com/sell/product-detail?id=5030930053369
Generator Rex: Agent of Providence,2.00,3.00,8.00,1.00,25.0%,37.5%,Wii Games,795,"Gaming Software, Wii",Out of Stock,5030917101472,https://au.webuy.com/sell/product-detail?id=5030917101472
Cabela's Adventure Camp,1.60,2.00,6.00,0.40,26.7%,33.3%,Wii Games,795,"Gaming Software, Wii",Store & Online,5030917100932,https://au.webuy.com/sell/product-detail?id=5030917100932
X-Men Destiny,2.00,3.00,8.00,1.00,25.0%,37.5%,Wii Games,795,"Gaming Software, Wii",Store & Online,5030917100819,https://au.webuy.com/sell/product-detail?id=5030917100819
Rapala Pro Bass Fishing (Game Only),2.00,3.00,8.00,1.00,25.0%,37.5%,Wii Games,795,"Gaming Software, Wii",Store & Online,503091709RBNR,https://au.webuy.com/sell/product-detail?id=503091709RBNR
Transformers: Dark Of The Moon SF ED,2.00,3.00,8.00,1.00,25.0%,37.5%,Wii Games,795,"Gaming Software, Wii",Store & Online,5030917095191,https://au.webuy.com/sell/product-detail?id=5030917095191
iCarly 2,0.40,0.80,3.00,0.40,13.3%,26.7%,Wii Games,795,"Gaming Software, Wii",Store & Online,5030917092268,https://au.webuy.com/sell/product-detail?id=5030917092268
Tony Hawk Shred (Game Only),1.40,2.00,5.00,0.60,28.0%,40.0%,Wii Games,795,"Gaming Software, Wii",Store & Online,5030917089862,https://au.webuy.com/sell/product-detail?id=5030917089862
iCarly: iJoin The Click,2.00,3.00,8.00,1.00,25.0%,37.5%,Wii Games,795,"Gaming Software, Wii",Out of Stock,5030917089404,https://au.webuy.com/sell/product-detail?id=5030917089404
10 Minute Solution,1.10,1.80,4.00,0.70,27.5%,45.0%,Wii Games,795,"Gaming Software, Wii",Out of Stock,5030917083969,https://au.webuy.com/sell/product-detail?id=5030917083969
Barbie And the Three Musketeers,2.00,4.00,10.00,2.00,20.0%,40.0%,Wii Games,795,"Gaming Software, Wii",Store & Online,5030917078217,https://au.webuy.com/sell/product-detail?id=5030917078217
Bakugan: Battle Brawlers,2.00,3.00,8.00,1.00,25.0%,37.5%,Wii Games,795,"Gaming Software, Wii",Out of Stock,5030917077272,https://au.webuy.com/sell/product-detail?id=5030917077272
Mountains Sports,1.40,2.00,5.00,0.60,28.0%,40.0%,Wii Games,795,"Gaming Software, Wii",Out of Stock,5030917076381,https://au.webuy.com/sell/product-detail?id=5030917076381
Science Papa,1.60,2.00,6.00,0.40,26.7%,33.3%,Wii Games,795,"Gaming Software, Wii",Store & Online,5030917075391,https://au.webuy.com/sell/product-detail?id=5030917075391
"Rapala, We Fish (No Rod)",2.00,4.00,10.00,2.00,20.0%,40.0%,Wii Games,795,"Gaming Software, Wii",Out of Stock,5030917073908,https://au.webuy.com/sell/product-detail?id=5030917073908
World Championship Sports: Summer,1.40,2.00,5.00,0.60,28.0%,40.0%,Wii Games,795,"Gaming Software, Wii",Store & Online,5030917073540,https://au.webuy.com/sell/product-detail?id=5030917073540
Space Camp,1.60,2.00,6.00,0.40,26.7%,33.3%,Wii Games,795,"Gaming Software, Wii",Out of Stock,5030917069093,https://au.webuy.com/sell/product-detail?id=5030917069093
Little League World Series Baseball 2008,1.10,1.80,4.00,0.70,27.5%,45.0%,Wii Games,795,"Gaming Software, Wii",Store & Online,5030917064333,https://au.webuy.com/sell/product-detail?id=5030917064333
Championship Paintball 2009,1.40,2.00,5.00,0.60,28.0%,40.0%,Wii Games,795,"Gaming Software, Wii",Store & Online,5030917059841,https://au.webuy.com/sell/product-detail?id=5030917059841
Millennium Championship Paintball 2009,0.05,0.05,1.50,0.00,3.3%,3.3%,Wii Games,795,"Gaming Software, Wii",Out of Stock,5030917059834,https://au.webuy.com/sell/product-detail?id=5030917059834
World Championship Off Road Racing,2.00,3.00,8.00,1.00,25.0%,37.5%,Wii Games,795,"Gaming Software, Wii",Out of Stock,5030917059353,https://au.webuy.com/sell/product-detail?id=5030917059353
Guitar Hero Aerosmith (Solus),2.00,3.00,8.00,1.00,25.0%,37.5%,Wii Games,795,"Gaming Software, Wii",Store & Online,5030917053771,https://au.webuy.com/sell/product-detail?id=5030917053771
Cabela's Big Game Hunter 2008,2.00,3.00,8.00,1.00,25.0%,37.5%,Wii Games,795,"Gaming Software, Wii",Store & Online,5030917053542,https://au.webuy.com/sell/product-detail?id=5030917053542
Battle for the Pacific,0.80,1.30,3.00,0.50,26.7%,43.3%,Wii Games,795,"Gaming Software, Wii",Store & Online,5030917053207,https://au.webuy.com/sell/product-detail?id=5030917053207
Puppy Luv,1.40,2.00,5.00,0.60,28.0%,40.0%,Wii Games,795,"Gaming Software, Wii",Out of Stock,5030917050473,https://au.webuy.com/sell/product-detail?id=5030917050473
Pimp My Ride,2.00,4.00,10.00,2.00,20.0%,40.0%,Wii Games,795,"Gaming Software, Wii",Store & Online,5030917050350,https://au.webuy.com/sell/product-detail?id=5030917050350
Tony Hawks Proving Ground,1.20,2.00,8.00,0.80,15.0%,25.0%,Wii Games,795,"Gaming Software, Wii",Store & Online,5030917049019,https://au.webuy.com/sell/product-detail?id=5030917049019
Rapala: Tournament Fishing,1.40,2.00,5.00,0.60,28.0%,40.0%,Wii Games,795,"Gaming Software, Wii",Store & Online,5030917043031,https://au.webuy.com/sell/product-detail?id=5030917043031
World Series Of Poker 2007,0.30,0.70,2.50,0.40,12.0%,28.0%,Wii Games,795,"Gaming Software, Wii",Store & Online,5030917042829,https://au.webuy.com/sell/product-detail?id=5030917042829
Tony Hawk's Downhill Jam,1.40,2.00,5.00,0.60,28.0%,40.0%,Wii Games,795,"Gaming Software, Wii",Out of Stock,5030917041686,https://au.webuy.com/sell/product-detail?id=5030917041686
Marvel Ultimate Alliance,1.60,2.00,6.00,0.40,26.7%,33.3%,Wii Games,795,"Gaming Software, Wii",Out of Stock,5030917038686,https://au.webuy.com/sell/product-detail?id=5030917038686
NHL 2K11,1.40,2.00,5.00,0.60,28.0%,40.0%,Wii Games,795,"Gaming Software, Wii",Out of Stock,5026555044738,https://au.webuy.com/sell/product-detail?id=5026555044738
"Ni Hao, Kai-Lan: Super Game Day",0.80,1.30,3.00,0.50,26.7%,43.3%,Wii Games,795,"Gaming Software, Wii",Store & Online,5026555044677,https://au.webuy.com/sell/product-detail?id=5026555044677
Dora Saves The Crystal Kingdom,2.00,3.00,8.00,1.00,25.0%,37.5%,Wii Games,795,"Gaming Software, Wii",Store & Online,5026555044363,https://au.webuy.com/sell/product-detail?id=5026555044363
Its My Circus,1.40,2.00,5.00,0.60,28.0%,40.0%,Wii Games,795,"Gaming Software, Wii",Store & Online,5026555044080I,https://au.webuy.com/sell/product-detail?id=5026555044080I
It's My Circus!,1.40,2.00,5.00,0.60,28.0%,40.0%,Wii Games,795,"Gaming Software, Wii",Store & Online,5026555044028,https://au.webuy.com/sell/product-detail?id=5026555044028
NHL 2K10,2.00,3.00,8.00,1.00,25.0%,37.5%,Wii Games,795,"Gaming Software, Wii",Out of Stock,5026555043946,https://au.webuy.com/sell/product-detail?id=5026555043946
It's My Birthday (Game Only),1.40,2.00,5.00,0.60,28.0%,40.0%,Wii Games,795,"Gaming Software, Wii",Store & Online,5026555043526,https://au.webuy.com/sell/product-detail?id=5026555043526
Go Diego Go! Great Dinosaur Rescue,1.10,1.80,4.00,0.70,27.5%,45.0%,Wii Games,795,"Gaming Software, Wii",Store & Online,5026555043205,https://au.webuy.com/sell/product-detail?id=5026555043205
Carnival - Fun Fair Games,2.00,4.00,10.00,2.00,20.0%,40.0%,Wii Games,795,"Gaming Software, Wii",Out of Stock,5026555042062,https://au.webuy.com/sell/product-detail?id=5026555042062
Ashes Cricket 09,2.00,4.00,10.00,2.00,20.0%,40.0%,Wii Games,795,"Gaming Software, Wii",Store & Online,5024866340631,https://au.webuy.com/sell/product-detail?id=5024866340631
Luxor Pharaoh's Challenge,0.80,1.30,3.00,0.50,26.7%,43.3%,Wii Games,795,"Gaming Software, Wii",Store & Online,5024866336160,https://au.webuy.com/sell/product-detail?id=5024866336160
Heatseeker,0.40,0.80,3.00,0.40,13.3%,26.7%,Wii Games,795,"Gaming Software, Wii",Store & Online,5024866333237,https://au.webuy.com/sell/product-detail?id=5024866333237
Richard The Lionheart - Crusader King,1.40,2.00,5.00,0.60,28.0%,40.0%,Wii Games,795,"Gaming Software, Wii",Out of Stock,5022802211960,https://au.webuy.com/sell/product-detail?id=5022802211960
Pony Friends 2,2.00,3.00,8.00,1.00,25.0%,37.5%,Wii Games,795,"Gaming Software, Wii",Store & Online,5021290037595,https://au.webuy.com/sell/product-detail?id=5021290037595
Doctor Who: Top Trumps,1.40,2.00,5.00,0.60,28.0%,40.0%,Wii Games,795,"Gaming Software, Wii",Out of Stock,5021290036741,https://au.webuy.com/sell/product-detail?id=5021290036741
Death Jr,2.00,3.00,8.00,1.00,25.0%,37.5%,Wii Games,795,"Gaming Software, Wii",Store & Online,5021290036192,https://au.webuy.com/sell/product-detail?id=5021290036192
Jumper,1.40,2.00,5.00,0.60,28.0%,40.0%,Wii Games,795,"Gaming Software, Wii",Store & Online,5021290035201,https://au.webuy.com/sell/product-detail?id=5021290035201
Alvin and the Chipmunks,2.00,3.00,8.00,1.00,25.0%,37.5%,Wii Games,795,"Gaming Software, Wii",Store & Online,5021290032965,https://au.webuy.com/sell/product-detail?id=5021290032965
Bionicle Heroes,2.00,3.00,8.00,1.00,25.0%,37.5%,Wii Games,795,"Gaming Software, Wii",Store & Online,5021290029767,https://au.webuy.com/sell/product-detail?id=5021290029767
Junior Fitness Trainer,1.10,1.80,4.00,0.70,27.5%,45.0%,Wii Games,795,"Gaming Software, Wii",Store & Online,5016488121347,https://au.webuy.com/sell/product-detail?id=5016488121347
Ninja Captains - 20 Games,2.00,3.00,8.00,1.00,25.0%,37.5%,Wii Games,795,"Gaming Software, Wii",Out of Stock,4779026380392,https://au.webuy.com/sell/product-detail?id=4779026380392
Minon: Everyday Hero,0.70,1.40,5.00,0.70,14.0%,28.0%,Wii Games,795,"Gaming Software, Wii",Out of Stock,4779026380361,https://au.webuy.com/sell/product-detail?id=4779026380361
Winter Sports 2010: The Great Tournament,2.00,3.00,8.00,1.00,25.0%,37.5%,Wii Games,795,"Gaming Software, Wii",Out of Stock,4260176170822,https://au.webuy.com/sell/product-detail?id=4260176170822
Family Quiz,1.40,2.00,5.00,0.60,28.0%,40.0%,Wii Games,795,"Gaming Software, Wii",Out of Stock,4260153362424,https://au.webuy.com/sell/product-detail?id=4260153362424
Top Model Academy,2.00,3.00,8.00,1.00,25.0%,37.5%,Wii Games,795,"Gaming Software, Wii",Out of Stock,4260153362370,https://au.webuy.com/sell/product-detail?id=4260153362370
Winter Stars,2.00,3.00,8.00,1.00,25.0%,37.5%,Wii Games,795,"Gaming Software, Wii",Store & Online,4020628508784,https://au.webuy.com/sell/product-detail?id=4020628508784
X-Factor With Microphone,2.00,4.00,10.00,2.00,20.0%,40.0%,Wii Games,795,"Gaming Software, Wii",Out of Stock,4020628507626,https://au.webuy.com/sell/product-detail?id=4020628507626
"Saddle Club, The",2.00,3.00,8.00,1.00,25.0%,37.5%,Wii Games,795,"Gaming Software, Wii",Store & Online,4020628507480,https://au.webuy.com/sell/product-detail?id=4020628507480
Ballerina,1.10,1.80,4.00,0.70,27.5%,45.0%,Wii Games,795,"Gaming Software, Wii",Store & Online,4020628505530,https://au.webuy.com/sell/product-detail?id=4020628505530
Line Rider Freestyle,1.40,2.00,5.00,0.60,28.0%,40.0%,Wii Games,795,"Gaming Software, Wii",Out of Stock,4020628504861,https://au.webuy.com/sell/product-detail?id=4020628504861
Horse Life 2,2.00,3.00,8.00,1.00,25.0%,37.5%,Wii Games,795,"Gaming Software, Wii",Store & Online,4020628504427,https://au.webuy.com/sell/product-detail?id=4020628504427
Magic Roundabout,1.40,2.00,5.00,0.60,28.0%,40.0%,Wii Games,795,"Gaming Software, Wii",Store & Online,4020628503840,https://au.webuy.com/sell/product-detail?id=4020628503840
Secret Files 2 - Puritas Cordis,2.00,3.00,8.00,1.00,25.0%,37.5%,Wii Games,795,"Gaming Software, Wii",Store & Online,4020628503406,https://au.webuy.com/sell/product-detail?id=4020628503406
Ellen Whitaker's Horse Life,2.00,3.00,8.00,1.00,25.0%,37.5%,Wii Games,795,"Gaming Software, Wii",Out of Stock,4020628502690,https://au.webuy.com/sell/product-detail?id=4020628502690
My Animal Centre,1.40,2.00,5.00,0.60,28.0%,40.0%,Wii Games,795,"Gaming Software, Wii",Out of Stock,4020628502638,https://au.webuy.com/sell/product-detail?id=4020628502638
Professor Heinz Wolff's Gravity,0.80,1.30,3.00,0.50,26.7%,43.3%,Wii Games,795,"Gaming Software, Wii",Store & Online,4020628502324,https://au.webuy.com/sell/product-detail?id=4020628502324
Winter Sports 2008,2.00,3.00,8.00,1.00,25.0%,37.5%,Wii Games,795,"Gaming Software, Wii",Out of Stock,4018281370718,https://au.webuy.com/sell/product-detail?id=4018281370718
Winter Sports 2011,2.00,3.00,8.00,1.00,25.0%,37.5%,Wii Games,795,"Gaming Software, Wii",Out of Stock,4017244028161,https://au.webuy.com/sell/product-detail?id=4017244028161
Summer Challenge Athletics,0.90,1.50,3.50,0.60,25.7%,42.9%,Wii Games,795,"Gaming Software, Wii",Out of Stock,4017244027225,https://au.webuy.com/sell/product-detail?id=4017244027225
Ultimate Battle Of The Sexes,1.40,2.00,5.00,0.60,28.0%,40.0%,Wii Games,795,"Gaming Software, Wii",Out of Stock,4017244026617,https://au.webuy.com/sell/product-detail?id=4017244026617
Fantastic Football Fan Party,2.00,4.00,10.00,2.00,20.0%,40.0%,Wii Games,795,"Gaming Software, Wii",Out of Stock,4017244025566,https://au.webuy.com/sell/product-detail?id=4017244025566
Summer Athletics 2009,0.70,1.10,2.50,0.40,28.0%,44.0%,Wii Games,795,"Gaming Software, Wii",Store & Online,4017244022916,https://au.webuy.com/sell/product-detail?id=4017244022916
Americas Next Top Model,1.40,2.00,5.00,0.60,28.0%,40.0%,Wii Games,795,"Gaming Software, Wii",Out of Stock,4017244022756,https://au.webuy.com/sell/product-detail?id=4017244022756
My Vet Practice,1.40,2.00,5.00,0.60,28.0%,40.0%,Wii Games,795,"Gaming Software, Wii",Out of Stock,4017244021674,https://au.webuy.com/sell/product-detail?id=4017244021674
My Pet Hotel,1.40,2.00,5.00,0.60,28.0%,40.0%,Wii Games,795,"Gaming Software, Wii",Out of Stock,4017244019558,https://au.webuy.com/sell/product-detail?id=4017244019558
Karaoke Revolution - Glee Solus Vol3,0.60,1.10,4.00,0.50,15.0%,27.5%,Wii Games,795,"Gaming Software, Wii",Out of Stock,4012927095386,https://au.webuy.com/sell/product-detail?id=4012927095386
Pro Evolution Soccer 2012,1.10,1.80,4.00,0.70,27.5%,45.0%,Wii Games,795,"Gaming Software, Wii",Out of Stock,4012927095188,https://au.webuy.com/sell/product-detail?id=4012927095188
DefJam Rapstar With Mic,2.00,4.00,10.00,2.00,20.0%,40.0%,Wii Games,795,"Wii, Gaming Software",Out of Stock,4012927093993,https://au.webuy.com/sell/product-detail?id=4012927093993
Defjam Rapstar - Solus,1.10,1.80,4.00,0.70,27.5%,45.0%,Wii Games,795,"Gaming Software, Wii",Out of Stock,4012927093900,https://au.webuy.com/sell/product-detail?id=4012927093900
Pro Evolution Soccer 2011,1.10,1.80,4.00,0.70,27.5%,45.0%,Wii Games,795,"Gaming Software, Wii",Out of Stock,4012927093511,https://au.webuy.com/sell/product-detail?id=4012927093511
Oops! 100 Party Games,2.00,4.00,10.00,2.00,20.0%,40.0%,Wii Games,795,"Gaming Software, Wii",Out of Stock,4012927093146,https://au.webuy.com/sell/product-detail?id=4012927093146
Pro Evolution Soccer 2010,1.40,2.00,5.00,0.60,28.0%,40.0%,Wii Games,795,"Gaming Software, Wii",Out of Stock,4012927092408,https://au.webuy.com/sell/product-detail?id=4012927092408
Pop and Rhythm,2.00,4.00,12.00,2.00,16.7%,33.3%,Wii Games,795,"Gaming Software, Wii",Out of Stock,4012927092330,https://au.webuy.com/sell/product-detail?id=4012927092330
Marbles! Balance Challenge,2.00,4.00,12.00,2.00,16.7%,33.3%,Wii Games,795,"Gaming Software, Wii",Out of Stock,4012927091784,https://au.webuy.com/sell/product-detail?id=4012927091784
Dance Dance Rev..HP2 (Game Only),0.30,0.50,2.00,0.20,15.0%,25.0%,Wii Games,795,"Gaming Software, Wii",Store & Online,4012927091678,https://au.webuy.com/sell/product-detail?id=4012927091678
Pro Evolution Soccer (PES) 2009,0.30,0.70,2.50,0.40,12.0%,28.0%,Wii Games,795,"Gaming Software, Wii",Store & Online,4012927091234,https://au.webuy.com/sell/product-detail?id=4012927091234
Pro Evolution Soccer 2009,1.10,1.80,4.00,0.70,27.5%,45.0%,Wii Games,795,"Gaming Software, Wii",Store & Online,4012927091135,https://au.webuy.com/sell/product-detail?id=4012927091135
Pro Evolution Soccer 2008,0.80,1.30,3.00,0.50,26.7%,43.3%,Wii Games,795,"Gaming Software, Wii",Store & Online,4012927090701,https://au.webuy.com/sell/product-detail?id=4012927090701
Princess Enchanting Storybooks + uDraw,2.00,3.00,8.00,1.00,25.0%,37.5%,Wii Games,795,"Gaming Software, Wii",Store & Online,4005209157292,https://au.webuy.com/sell/product-detail?id=4005209157292
Marvel Super Hero Squad Comic Combat,0.80,1.30,3.00,0.50,26.7%,43.3%,Wii Games,795,"Gaming Software, Wii",Store & Online,4005209156097,https://au.webuy.com/sell/product-detail?id=4005209156097
Puss In Boots,1.10,1.80,4.00,0.70,27.5%,45.0%,Wii Games,795,"Gaming Software, Wii",Out of Stock,4005209153768,https://au.webuy.com/sell/product-detail?id=4005209153768
"Barbie: Jet, Set & Style",2.00,3.00,8.00,1.00,25.0%,37.5%,Wii Games,795,"Gaming Software, Wii",Store & Online,4005209151542,https://au.webuy.com/sell/product-detail?id=4005209151542
WWE '12 (12),0.50,0.90,3.50,0.40,14.3%,25.7%,Wii Games,795,"Gaming Software, Wii",Store & Online,4005209150255,https://au.webuy.com/sell/product-detail?id=4005209150255
Truth or Lies (Microphone Bundle),1.10,1.80,4.00,0.70,27.5%,45.0%,Wii Games,795,"Gaming Software, Wii",Store & Online,4005209139977,https://au.webuy.com/sell/product-detail?id=4005209139977
"Last Airbender, The 2010",0.05,0.05,3.00,0.00,1.7%,1.7%,Wii Games,795,"Gaming Software, Wii",Store & Online,4005209132855,https://au.webuy.com/sell/product-detail?id=4005209132855
All Star Karate,0.30,0.50,2.00,0.20,15.0%,25.0%,Wii Games,795,"Gaming Software, Wii",Store & Online,4005209132473,https://au.webuy.com/sell/product-detail?id=4005209132473
Spongebob Squarepants: Boten Bots Race,2.00,4.00,10.00,2.00,20.0%,40.0%,Wii Games,795,"Gaming Software, Wii",Store & Online,4005209130769,https://au.webuy.com/sell/product-detail?id=4005209130769
Naked Brothers Band,0.30,0.50,2.00,0.20,15.0%,25.0%,Wii Games,795,"Gaming Software, Wii",Out of Stock,4005209126595,https://au.webuy.com/sell/product-detail?id=4005209126595
Tak and the Guardians of Gross,1.10,1.80,4.00,0.70,27.5%,45.0%,Wii Games,795,"Gaming Software, Wii",Store & Online,4005209114226,https://au.webuy.com/sell/product-detail?id=4005209114226
Spongebob Squarepants - Glob of Doom,2.00,4.00,10.00,2.00,20.0%,40.0%,Wii Games,795,"Gaming Software, Wii",Out of Stock,4005209114189,https://au.webuy.com/sell/product-detail?id=4005209114189
Avatar - Into the Inferno,1.60,2.00,6.00,0.40,26.7%,33.3%,Wii Games,795,"Gaming Software, Wii",Store & Online,4005209114158,https://au.webuy.com/sell/product-detail?id=4005209114158
Battle Of The Bands,0.05,0.05,1.00,0.00,5.0%,5.0%,Wii Games,795,"Gaming Software, Wii",Store & Online,4005209105187,https://au.webuy.com/sell/product-detail?id=4005209105187
Avatar - The Burning Earth,1.40,2.00,5.00,0.60,28.0%,40.0%,Wii Games,795,"Gaming Software, Wii",Store & Online,4005209096119,https://au.webuy.com/sell/product-detail?id=4005209096119
Avatar: The Legend Of Aang,2.00,4.00,10.00,2.00,20.0%,40.0%,Wii Games,795,"Gaming Software, Wii",Store & Online,4005209087209,https://au.webuy.com/sell/product-detail?id=4005209087209
Aqua Panic,1.60,2.00,6.00,0.40,26.7%,33.3%,Wii Games,795,"Gaming Software, Wii",Store & Online,3770000633269,https://au.webuy.com/sell/product-detail?id=3770000633269
"Fix It, Home Improvement Challenge",1.40,2.00,5.00,0.60,28.0%,40.0%,Wii Games,795,"Gaming Software, Wii",Out of Stock,3760137147876,https://au.webuy.com/sell/product-detail?id=3760137147876
Safar' Wii,1.10,1.80,4.00,0.70,27.5%,45.0%,Wii Games,795,"Gaming Software, Wii",Store & Online,3760137146398,https://au.webuy.com/sell/product-detail?id=3760137146398
Gym Class Workout,2.00,4.00,10.00,2.00,20.0%,40.0%,Wii Games,795,"Gaming Software, Wii",Out of Stock,3700577003752,https://au.webuy.com/sell/product-detail?id=3700577003752
Family Party: 90 Great Games,2.00,4.00,10.00,2.00,20.0%,40.0%,Wii Games,795,"Gaming Software, Wii",Out of Stock,3700577002526,https://au.webuy.com/sell/product-detail?id=3700577002526
Family Trainer: Treasure Adventure + Mat,1.40,2.00,5.00,0.60,28.0%,40.0%,Wii Games,795,"Gaming Software, Wii",Out of Stock,3700577001611,https://au.webuy.com/sell/product-detail?id=3700577001611
Family Trainer Treasure Adventure No Mat,0.90,1.50,3.50,0.60,25.7%,42.9%,Wii Games,795,"Gaming Software, Wii",Out of Stock,3700577001604,https://au.webuy.com/sell/product-detail?id=3700577001604
Sam & Max: Beyond Time & Space,2.00,4.00,10.00,2.00,20.0%,40.0%,Wii Games,795,"Gaming Software, Wii",Out of Stock,3546430144770,https://au.webuy.com/sell/product-detail?id=3546430144770
"Alone in The Dark, Limited Edition",2.00,3.00,8.00,1.00,25.0%,37.5%,Wii Games,795,"Gaming Software, Wii",Out of Stock,3546430139127,https://au.webuy.com/sell/product-detail?id=3546430139127
Spy Fox - Dry Cereal,2.00,4.00,10.00,2.00,20.0%,40.0%,Wii Games,795,"Gaming Software, Wii",Store & Online,3546430138960,https://au.webuy.com/sell/product-detail?id=3546430138960
Pajama Sam,0.30,0.50,3.50,0.20,8.6%,14.3%,Wii Games,795,"Wii, Gaming Software",Out of Stock,3546430138878,https://au.webuy.com/sell/product-detail?id=3546430138878
My Horse & Me 2,2.00,4.00,10.00,2.00,20.0%,40.0%,Wii Games,795,"Gaming Software, Wii",Out of Stock,3546430136713,https://au.webuy.com/sell/product-detail?id=3546430136713
Asterix At The Olympic Games,1.60,2.00,6.00,0.40,26.7%,33.3%,Wii Games,795,"Gaming Software, Wii",Store & Online,3546430134115,https://au.webuy.com/sell/product-detail?id=3546430134115
Lucky Luke - Go West,2.00,3.00,8.00,1.00,25.0%,37.5%,Wii Games,795,"Gaming Software, Wii",Out of Stock,3546430131824,https://au.webuy.com/sell/product-detail?id=3546430131824
My Horse & Me,2.00,4.00,10.00,2.00,20.0%,40.0%,Wii Games,795,"Gaming Software, Wii",Store & Online,3546430131275,https://au.webuy.com/sell/product-detail?id=3546430131275
Sherlock Holmes: The Silver Earring,1.60,2.00,6.00,0.40,26.7%,33.3%,Wii Games,795,"Gaming Software, Wii",Out of Stock,3512289017671,https://au.webuy.com/sell/product-detail?id=3512289017671
Spaghetti Western Shooter,1.20,2.00,8.00,0.80,15.0%,25.0%,Wii Games,795,"Gaming Software, Wii",Store & Online,3499550299892,https://au.webuy.com/sell/product-detail?id=3499550299892
Spaghetti Western,1.40,2.00,5.00,0.60,28.0%,40.0%,Wii Games,795,"Gaming Software, Wii",Out of Stock,3499550299359,https://au.webuy.com/sell/product-detail?id=3499550299359
My Body Coach 2,1.40,2.00,5.00,0.60,28.0%,40.0%,Wii Games,795,"Gaming Software, Wii",Out of Stock,3499550298130,https://au.webuy.com/sell/product-detail?id=3499550298130
Western Heroes + Gun,2.00,3.00,8.00,1.00,25.0%,37.5%,Wii Games,795,"Gaming Software, Wii",Out of Stock,3499550289572,https://au.webuy.com/sell/product-detail?id=3499550289572
Remington: Great American Bird Hunt,2.00,3.00,8.00,1.00,25.0%,37.5%,Wii Games,795,"Gaming Software, Wii",Out of Stock,3499550283822,https://au.webuy.com/sell/product-detail?id=3499550283822
"Shimano Extreme Fishing, Without Rod",0.60,1.00,6.00,0.40,10.0%,16.7%,Wii Games,795,"Gaming Software, Wii",Out of Stock,3499550282NRO,https://au.webuy.com/sell/product-detail?id=3499550282NRO
Wii CyberBike Cycling Sports (Game Only),1.40,2.00,5.00,0.60,28.0%,40.0%,Wii Games,795,"Gaming Software, Wii",Store & Online,3499550276718,https://au.webuy.com/sell/product-detail?id=3499550276718
Cocoto Suprise,2.00,3.00,8.00,1.00,25.0%,37.5%,Wii Games,795,"Gaming Software, Wii",Out of Stock,3499550269277,https://au.webuy.com/sell/product-detail?id=3499550269277
Cocoto Festival (without gun),2.00,3.00,8.00,1.00,25.0%,37.5%,Wii Games,795,"Gaming Software, Wii",Out of Stock,3499550269147,https://au.webuy.com/sell/product-detail?id=3499550269147
Pool Party with Cue,1.60,2.00,6.00,0.40,26.7%,33.3%,Wii Games,795,"Gaming Software, Wii",Out of Stock,3499550262865,https://au.webuy.com/sell/product-detail?id=3499550262865
Cocoto Magic Circus (No Gun),0.40,0.80,3.00,0.40,13.3%,26.7%,Wii Games,795,"Gaming Software, Wii",Store & Online,3499550261653,https://au.webuy.com/sell/product-detail?id=3499550261653
My Body Coach (Game Only),0.60,1.10,4.00,0.50,15.0%,27.5%,Wii Games,795,"Gaming Software, Wii",Store & Online,349955026141,https://au.webuy.com/sell/product-detail?id=349955026141
Hunting Challenge,1.40,2.00,5.00,0.60,28.0%,40.0%,Wii Games,795,"Gaming Software, Wii",Out of Stock,3499550261271,https://au.webuy.com/sell/product-detail?id=3499550261271
My Body Coach & 2 x Dumbells Bundle,1.10,1.80,4.00,0.70,27.5%,45.0%,Wii Games,795,"Gaming Software, Wii",Store & Online,3499550261059,https://au.webuy.com/sell/product-detail?id=3499550261059
Cocoto Magic Circus + Gun,1.40,2.00,5.00,0.60,28.0%,40.0%,Wii Games,795,"Gaming Software, Wii",Out of Stock,3499550253832,https://au.webuy.com/sell/product-detail?id=3499550253832
Madagascar 3,2.00,3.00,8.00,1.00,25.0%,37.5%,Wii Games,795,"Gaming Software, Wii",Out of Stock,3391891963428,https://au.webuy.com/sell/product-detail?id=3391891963428
Ben 10: Galactic Racing,1.40,2.00,5.00,0.60,28.0%,40.0%,Wii Games,795,"Gaming Software, Wii",Store & Online,3391891956987,https://au.webuy.com/sell/product-detail?id=3391891956987
Geometry Wars: Galaxies,2.00,3.00,8.00,1.00,25.0%,37.5%,Wii Games,795,"Gaming Software, Wii",Store & Online,3348542214019,https://au.webuy.com/sell/product-detail?id=3348542214019
Ice Age 2: The Meltdown,2.00,3.00,8.00,1.00,25.0%,37.5%,Wii Games,795,"Gaming Software, Wii",Store & Online,3348542209862,https://au.webuy.com/sell/product-detail?id=3348542209862
My Fitness Coach: Club,1.40,2.00,5.00,0.60,28.0%,40.0%,Wii Games,795,"Gaming Software, Wii",Store & Online,3307219936845NC,https://au.webuy.com/sell/product-detail?id=3307219936845NC
My Fitness Coach: Club + Wii Camera,2.00,3.00,8.00,1.00,25.0%,37.5%,Wii Games,795,"Gaming Software, Wii",Out of Stock,3307219936845,https://au.webuy.com/sell/product-detail?id=3307219936845
My Fitness Coach Club,0.05,0.05,1.50,0.00,3.3%,3.3%,Wii Games,795,"Gaming Software, Wii",Store & Online,3307219930119,https://au.webuy.com/sell/product-detail?id=3307219930119
Combat Of Giants: Dinosaur Strike,2.00,3.00,8.00,1.00,25.0%,37.5%,Wii Games,795,"Gaming Software, Wii",Store & Online,3307219906374,https://au.webuy.com/sell/product-detail?id=3307219906374
CSI: Crime Scene Investigation: Fatal Conspiracy,1.40,2.00,5.00,0.60,28.0%,40.0%,Wii Games,795,"Gaming Software, Wii",Out of Stock,3307217935444,https://au.webuy.com/sell/product-detail?id=3307217935444
Just Dance Kids 2014,2.00,3.00,10.00,1.00,20.0%,30.0%,Wii Games,795,"Gaming Software, Wii",Store & Online,3307215736159,https://au.webuy.com/sell/product-detail?id=3307215736159
We Dare,1.10,1.80,4.00,0.70,27.5%,45.0%,Wii Games,795,"Gaming Software, Wii",Out of Stock,3307212322911,https://au.webuy.com/sell/product-detail?id=3307212322911
Racket Sports Party,0.05,0.05,1.50,0.00,3.3%,3.3%,Wii Games,795,"Gaming Software, Wii",Out of Stock,3307212322706,https://au.webuy.com/sell/product-detail?id=3307212322706
Racket Sports Party,0.70,1.40,5.00,0.70,14.0%,28.0%,Wii Games,795,"Gaming Software, Wii",Store & Online,3307212322355,https://au.webuy.com/sell/product-detail?id=3307212322355
Monster 4x4 Stunt Racer With Wheel,2.00,3.00,8.00,1.00,25.0%,37.5%,Wii Games,795,"Gaming Software, Wii",Store & Online,3307211691827,https://au.webuy.com/sell/product-detail?id=3307211691827
Monster 4x4 Stunt Racer Without Wheel,0.50,0.80,5.00,0.30,10.0%,16.0%,Wii Games,795,"Gaming Software, Wii",Store & Online,3307211691520,https://au.webuy.com/sell/product-detail?id=3307211691520
New U - Fitness First Personal Trainer,0.05,0.05,1.00,0.00,5.0%,5.0%,Wii Games,795,"Gaming Software, Wii",Store & Online,3307211689282,https://au.webuy.com/sell/product-detail?id=3307211689282
Arthur & The Revenge Of Maltazard (7),1.40,2.00,5.00,0.60,28.0%,40.0%,Wii Games,795,"Gaming Software, Wii",Out of Stock,3307211673045,https://au.webuy.com/sell/product-detail?id=3307211673045
Academy Of Champions Soccer,0.30,0.50,3.50,0.20,8.6%,14.3%,Wii Games,795,"Gaming Software, Wii",Store & Online,3307211663381,https://au.webuy.com/sell/product-detail?id=3307211663381
Academy of Champions Football,1.10,1.80,4.00,0.70,27.5%,45.0%,Wii Games,795,"Gaming Software, Wii",Store & Online,3307211663329,https://au.webuy.com/sell/product-detail?id=3307211663329
Girls Life Sleepover Party,0.05,0.05,1.50,0.00,3.3%,3.3%,Wii Games,795,"Gaming Software, Wii",Store & Online,3307211662858,https://au.webuy.com/sell/product-detail?id=3307211662858
Your Shape (Game Only),0.05,0.05,1.00,0.00,5.0%,5.0%,Wii Games,795,"Gaming Software, Wii",Store & Online,330721165YSGO,https://au.webuy.com/sell/product-detail?id=330721165YSGO
Tenchu Shadow Assassins,1.60,2.00,6.00,0.40,26.7%,33.3%,Wii Games,795,"Gaming Software, Wii",Store & Online,3307211637641,https://au.webuy.com/sell/product-detail?id=3307211637641
My Fitness Coach: Cardio Workout,1.60,2.00,6.00,0.40,26.7%,33.3%,Wii Games,795,"Gaming Software, Wii",Store & Online,3307211630178,https://au.webuy.com/sell/product-detail?id=3307211630178
Who Wants To Be A Millionaire 2,0.80,1.30,3.00,0.50,26.7%,43.3%,Wii Games,795,"Gaming Software, Wii",Out of Stock,3307211611474,https://au.webuy.com/sell/product-detail?id=3307211611474
Planet rescue - Wildlife Vet,0.30,0.70,2.50,0.40,12.0%,28.0%,Wii Games,795,"Gaming Software, Wii",Store & Online,3307211608320,https://au.webuy.com/sell/product-detail?id=3307211608320
Scrabble 2009,1.20,2.00,8.00,0.80,15.0%,25.0%,Wii Games,795,"Gaming Software, Wii",Store & Online,3307211608115,https://au.webuy.com/sell/product-detail?id=3307211608115
Petz: Monkey Madness,0.40,0.80,3.00,0.40,13.3%,26.7%,Wii Games,795,"Gaming Software, Wii",Store & Online,3307211607705,https://au.webuy.com/sell/product-detail?id=3307211607705
Petz Sports - Dog Playground,0.80,1.30,3.00,0.50,26.7%,43.3%,Wii Games,795,"Gaming Software, Wii",Store & Online,3307211606876,https://au.webuy.com/sell/product-detail?id=3307211606876
Puzzler Collection,0.90,1.50,3.50,0.60,25.7%,42.9%,Wii Games,795,"Gaming Software, Wii",Store & Online,3307211310711,https://au.webuy.com/sell/product-detail?id=3307211310711
Sports Party,1.10,1.80,4.00,0.70,27.5%,45.0%,Wii Games,795,"Gaming Software, Wii",Store & Online,3307211309548,https://au.webuy.com/sell/product-detail?id=3307211309548
Hell's Kitchen,0.90,1.50,3.50,0.60,25.7%,42.9%,Wii Games,795,"Gaming Software, Wii",Out of Stock,3307210450357,https://au.webuy.com/sell/product-detail?id=3307210450357
Imagine - Champion Rider,1.40,2.00,5.00,0.60,28.0%,40.0%,Wii Games,795,"Gaming Software, Wii",Store & Online,3307210449788,https://au.webuy.com/sell/product-detail?id=3307210449788
Imagine Fashion Idol,0.05,0.05,1.00,0.00,5.0%,5.0%,Wii Games,795,"Gaming Software, Wii",Store & Online,3307210447340,https://au.webuy.com/sell/product-detail?id=3307210447340
Brothers In Arms - Earned In Blood,0.80,1.30,3.00,0.50,26.7%,43.3%,Wii Games,795,"Gaming Software, Wii",Store & Online,3307210412225,https://au.webuy.com/sell/product-detail?id=3307210412225
Top Trumps Adventures,1.40,2.00,5.00,0.60,28.0%,40.0%,Wii Games,795,"Gaming Software, Wii",Out of Stock,3307210340429,https://au.webuy.com/sell/product-detail?id=3307210340429
Telly Addicts,2.00,3.00,8.00,1.00,25.0%,37.5%,Wii Games,795,"Gaming Software, Wii",Out of Stock,3307210334978,https://au.webuy.com/sell/product-detail?id=3307210334978
My Spanish Coach,1.40,2.00,5.00,0.60,28.0%,40.0%,Wii Games,795,"Gaming Software, Wii",Out of Stock,3307210333124,https://au.webuy.com/sell/product-detail?id=3307210333124
My French Coach,1.10,1.80,4.00,0.70,27.5%,45.0%,Wii Games,795,"Gaming Software, Wii",Out of Stock,3307210333117,https://au.webuy.com/sell/product-detail?id=3307210333117
Nitrobike,1.10,1.80,4.00,0.70,27.5%,45.0%,Wii Games,795,"Gaming Software, Wii",Store & Online,3307210330482,https://au.webuy.com/sell/product-detail?id=3307210330482
"Totally Spies, Totally Party",0.30,0.50,2.00,0.20,15.0%,25.0%,Wii Games,795,"Gaming Software, Wii",Out of Stock,3307210323477,https://au.webuy.com/sell/product-detail?id=3307210323477
Who Wants To Be A Millionaire?,2.00,3.00,8.00,1.00,25.0%,37.5%,Wii Games,795,"Gaming Software, Wii",Store & Online,3307210323354,https://au.webuy.com/sell/product-detail?id=3307210323354
Horsez - Ranch Rescue,0.40,0.80,3.00,0.40,13.3%,26.7%,Wii Games,795,"Gaming Software, Wii",Store & Online,3307210321763,https://au.webuy.com/sell/product-detail?id=3307210321763
Pippa Funell - Ranch Rescue,1.40,2.00,5.00,0.60,28.0%,40.0%,Wii Games,795,"Gaming Software, Wii",Store & Online,3307210321701,https://au.webuy.com/sell/product-detail?id=3307210321701
Surf's Up,2.00,3.00,8.00,1.00,25.0%,37.5%,Wii Games,795,"Gaming Software, Wii",Store & Online,3307210259653,https://au.webuy.com/sell/product-detail?id=3307210259653
My Word Coach,0.05,0.05,1.00,0.00,5.0%,5.0%,Wii Games,795,"Gaming Software, Wii",Store & Online,3307210257727,https://au.webuy.com/sell/product-detail?id=3307210257727
Dog Island,2.00,3.00,8.00,1.00,25.0%,37.5%,Wii Games,795,"Gaming Software, Wii",Out of Stock,3307210257246,https://au.webuy.com/sell/product-detail?id=3307210257246
Brothers In Arms - Road to Hill 30,1.10,1.80,4.00,0.70,27.5%,45.0%,Wii Games,795,"Gaming Software, Wii",Store & Online,3307210251114,https://au.webuy.com/sell/product-detail?id=3307210251114
Prince Of Persia: Rival Swords,1.40,2.00,5.00,0.60,28.0%,40.0%,Wii Games,795,"Gaming Software, Wii",Store & Online,3307210248534,https://au.webuy.com/sell/product-detail?id=3307210248534
Cosmic Family,0.05,0.05,1.00,0.00,5.0%,5.0%,Wii Games,795,"Gaming Software, Wii",Store & Online,3307210248282,https://au.webuy.com/sell/product-detail?id=3307210248282
Splinter Cell: Double Agent,0.70,1.40,5.00,0.70,14.0%,28.0%,Wii Games,795,"Gaming Software, Wii",Store & Online,3307210242341,https://au.webuy.com/sell/product-detail?id=3307210242341
GT Pro Series,2.00,3.00,8.00,1.00,25.0%,37.5%,Wii Games,795,"Gaming Software, Wii",Store & Online,3307210237095,https://au.webuy.com/sell/product-detail?id=3307210237095
Open Season,1.40,2.00,5.00,0.60,28.0%,40.0%,Wii Games,795,"Gaming Software, Wii",Store & Online,3307210229953,https://au.webuy.com/sell/product-detail?id=3307210229953
Soul Calibur Legends,2.00,4.00,10.00,2.00,20.0%,40.0%,Wii Games,795,"Gaming Software, Wii",Store & Online,3296580805006,https://au.webuy.com/sell/product-detail?id=3296580805006
Family Trainer: Extreme Challenge + Mat,1.60,2.00,6.00,0.40,26.7%,33.3%,Wii Games,795,"Gaming Software, Wii",Out of Stock,3296580803972,https://au.webuy.com/sell/product-detail?id=3296580803972
AMF Bowling: Pinbusters!,2.00,3.00,8.00,1.00,25.0%,37.5%,Wii Games,795,"Gaming Software, Wii",Store & Online,093155130302,https://au.webuy.com/sell/product-detail?id=093155130302
Dance Dance Revolution Hottest Party,2.00,3.00,8.00,1.00,25.0%,37.5%,Wii Games,795,"Gaming Software, Wii",Out of Stock,083717400561,https://au.webuy.com/sell/product-detail?id=083717400561
Squeeballs Party,1.10,1.80,4.00,0.70,27.5%,45.0%,Wii Games,795,"Gaming Software, Wii",Store & Online,0708056080211,https://au.webuy.com/sell/product-detail?id=0708056080211
Cabela's Big Game Hunter 2010,2.00,4.00,10.00,2.00,20.0%,40.0%,Wii Games,795,"Gaming Software, Wii",Store & Online,047875759299,https://au.webuy.com/sell/product-detail?id=047875759299
Wii Fit - With Balance Board Discounted,2.00,4.00,10.00,2.00,20.0%,40.0%,Wii Games,795,"Gaming Software, Wii",Out of Stock,045496901080B,https://au.webuy.com/sell/product-detail?id=045496901080B
Battalion Wars 2,2.00,4.00,10.00,2.00,20.0%,40.0%,Wii Games,795,"Gaming Software, Wii",Store & Online,045496900250,https://au.webuy.com/sell/product-detail?id=045496900250
Disaster - Day of Crisis,2.00,4.00,10.00,2.00,20.0%,40.0%,Wii Games,795,"Gaming Software, Wii",Store & Online,045496366445,https://au.webuy.com/sell/product-detail?id=045496366445
Family Ski,2.00,3.00,8.00,1.00,25.0%,37.5%,Wii Games,795,"Gaming Software, Wii",Store & Online,045496365806,https://au.webuy.com/sell/product-detail?id=045496365806
Thrillville - Off The Rails,1.10,1.80,4.00,0.70,27.5%,45.0%,Wii Games,795,"Gaming Software, Wii",Store & Online,023272005412,https://au.webuy.com/sell/product-detail?id=023272005412
AMF Bowling: World Lanes,2.00,4.00,12.00,2.00,16.7%,33.3%,Wii Games,795,"Gaming Software, Wii",Store & Online,0093155126183,https://au.webuy.com/sell/product-detail?id=0093155126183
Mario & Sonic At The Olympic Games,4.00,6.00,15.00,2.00,26.7%,40.0%,Wii Games,795,"Gaming Software, Wii",Store & Online,5060138433595,https://au.webuy.com/sell/product-detail?id=5060138433595
Sonic Colours,4.00,6.00,15.00,2.00,26.7%,40.0%,Wii Games,795,"Gaming Software, Wii",Store & Online,5055277008629,https://au.webuy.com/sell/product-detail?id=5055277008629
How To Train Your Dragon,4.00,6.00,15.00,2.00,26.7%,40.0%,Wii Games,795,"Gaming Software, Wii",Store & Online,5030917081545,https://au.webuy.com/sell/product-detail?id=5030917081545
Sonic & Sega All-Star Racing (No Wheel),4.00,6.00,15.00,2.00,26.7%,40.0%,Wii Games,795,"Gaming Software, Wii",Store & Online,5055277004232,https://au.webuy.com/sell/product-detail?id=5055277004232
Cars,4.00,6.00,15.00,2.00,26.7%,40.0%,Wii Games,795,"Gaming Software, Wii",Store & Online,4005209085342,https://au.webuy.com/sell/product-detail?id=4005209085342
Cars 2,3.00,5.00,12.00,2.00,25.0%,41.7%,Wii Games,795,"Gaming Software, Wii",Store & Online,8717418309022,https://au.webuy.com/sell/product-detail?id=8717418309022
New Carnival Games,3.00,5.00,12.00,2.00,25.0%,41.7%,Wii Games,795,"Gaming Software, Wii",Store & Online,5026555044547,https://au.webuy.com/sell/product-detail?id=5026555044547
Donkey Kong Country Returns,5.00,8.00,18.00,3.00,27.8%,44.4%,Wii Games,795,"Gaming Software, Wii",Store & Online,045496902001,https://au.webuy.com/sell/product-detail?id=045496902001
Lego Star Wars Complete Saga,5.00,8.00,18.00,3.00,27.8%,44.4%,Wii Games,795,"Gaming Software, Wii",Store & Online,023272005375,https://au.webuy.com/sell/product-detail?id=023272005375
Lego Star Wars 3: The Clone Wars,3.00,5.00,12.00,2.00,25.0%,41.7%,Wii Games,795,"Gaming Software, Wii",Store & Online,023272009793,https://au.webuy.com/sell/product-detail?id=023272009793
Sonic Unleashed,4.00,6.00,15.00,2.00,26.7%,40.0%,Wii Games,795,"Gaming Software, Wii",Store & Online,5060138440593,https://au.webuy.com/sell/product-detail?id=5060138440593
Sonic And The Secret Rings,4.00,6.00,15.00,2.00,26.7%,40.0%,Wii Games,795,"Gaming Software, Wii",Store & Online,5060138430860,https://au.webuy.com/sell/product-detail?id=5060138430860
House of the Dead - Overkill,3.00,5.00,12.00,2.00,25.0%,41.7%,Wii Games,795,"Gaming Software, Wii",Store & Online,5060138442115,https://au.webuy.com/sell/product-detail?id=5060138442115
Spider-Man 3,3.00,5.00,12.00,2.00,25.0%,41.7%,Wii Games,795,"Gaming Software, Wii",Store & Online,5030917043529,https://au.webuy.com/sell/product-detail?id=5030917043529
Just Dance 4,5.00,7.00,20.00,2.00,25.0%,35.0%,Wii Games,795,"Gaming Software, Wii",Store & Online,3307215647080,https://au.webuy.com/sell/product-detail?id=3307215647080
Metroid: Other M,5.00,8.00,18.00,3.00,27.8%,44.4%,Wii Games,795,"Gaming Software, Wii",Store & Online,045496901912,https://au.webuy.com/sell/product-detail?id=045496901912
Guitar Hero 5 (Game Only),4.00,6.00,15.00,2.00,26.7%,40.0%,Wii Games,795,"Gaming Software, Wii",Store & Online,SWIIGH5EOO1,https://au.webuy.com/sell/product-detail?id=SWIIGH5EOO1
Scooby Doo & The Spooky Swamp,3.00,5.00,12.00,2.00,25.0%,41.7%,Wii Games,795,"Gaming Software, Wii",Store & Online,5051892020930,https://au.webuy.com/sell/product-detail?id=5051892020930
Just Dance 3: Special Edition,4.00,6.00,15.00,2.00,26.7%,40.0%,Wii Games,795,"Gaming Software, Wii",Store & Online,3307215601402,https://au.webuy.com/sell/product-detail?id=3307215601402
Lego Pirates Of The Caribbean,3.00,5.00,12.00,2.00,25.0%,41.7%,Wii Games,795,"Gaming Software, Wii",Store & Online,8717418301163,https://au.webuy.com/sell/product-detail?id=8717418301163
Wii Fit - With Balance Board,3.00,5.00,12.00,2.00,25.0%,41.7%,Wii Games,795,"Gaming Software, Wii",In Store Only,045496901080,https://au.webuy.com/sell/product-detail?id=045496901080
Just Dance 2014,4.00,6.00,15.00,2.00,26.7%,40.0%,Wii Games,795,"Gaming Software, Wii",Store & Online,3307215734377,https://au.webuy.com/sell/product-detail?id=3307215734377
Madworld (18),4.00,6.00,15.00,2.00,26.7%,40.0%,Wii Games,795,"Gaming Software, Wii",Store & Online,5060138442382,https://au.webuy.com/sell/product-detail?id=5060138442382
Guitar Hero 3: Legends Of Rock (No Guitar),3.00,5.00,12.00,2.00,25.0%,41.7%,Wii Games,795,"Gaming Software, Wii",Store & Online,SWIIGUI3LEG001,https://au.webuy.com/sell/product-detail?id=SWIIGUI3LEG001
House Of The Dead 2+3,3.00,5.00,12.00,2.00,25.0%,41.7%,Wii Games,795,"Gaming Software, Wii",Store & Online,5060138437173,https://au.webuy.com/sell/product-detail?id=5060138437173
Just Dance 2016,4.00,6.00,15.00,2.00,26.7%,40.0%,Wii Games,795,"Gaming Software, Wii",Store & Online,3307215897744,https://au.webuy.com/sell/product-detail?id=3307215897744
Bakugan: Battle Brawlers,4.00,6.00,15.00,2.00,26.7%,40.0%,Wii Games,795,"Gaming Software, Wii",Store & Online,5030917075728,https://au.webuy.com/sell/product-detail?id=5030917075728
Hot Wheels Beat That,4.00,6.00,15.00,2.00,26.7%,40.0%,Wii Games,795,"Gaming Software, Wii",Store & Online,5030917048630,https://au.webuy.com/sell/product-detail?id=5030917048630
Cars - Race-O-Rama,3.00,5.00,12.00,2.00,25.0%,41.7%,Wii Games,795,"Gaming Software, Wii",Store & Online,4005209120791,https://au.webuy.com/sell/product-detail?id=4005209120791
"Sims 3, The",4.00,6.00,15.00,2.00,26.7%,40.0%,Wii Games,795,"Gaming Software, Wii",Store & Online,5030930088422,https://au.webuy.com/sell/product-detail?id=5030930088422
Pikmin 2,5.00,8.00,18.00,3.00,27.8%,44.4%,Wii Games,795,"Gaming Software, Wii",Store & Online,045496901554,https://au.webuy.com/sell/product-detail?id=045496901554
Ben 10 Ultimate Alien: Cosmic,3.00,5.00,12.00,2.00,25.0%,41.7%,Wii Games,795,"Gaming Software, Wii",Store & Online,5060125485569,https://au.webuy.com/sell/product-detail?id=5060125485569
Call Of Duty: Black Ops (18),3.00,5.00,12.00,2.00,25.0%,41.7%,Wii Games,795,"Gaming Software, Wii",Store & Online,5030917093326,https://au.webuy.com/sell/product-detail?id=5030917093326
No More Heroes,4.00,6.00,15.00,2.00,26.7%,40.0%,Wii Games,795,"Gaming Software, Wii",Out of Stock,5060102950578,https://au.webuy.com/sell/product-detail?id=5060102950578
Bratz: The Movie,4.00,6.00,15.00,2.00,26.7%,40.0%,Wii Games,795,"Gaming Software, Wii",Store & Online,4005209100663,https://au.webuy.com/sell/product-detail?id=4005209100663
"Dog Island, The",3.00,5.00,12.00,2.00,25.0%,41.7%,Wii Games,795,"Gaming Software, Wii",Store & Online,3307210257307,https://au.webuy.com/sell/product-detail?id=3307210257307
Batman - The Brave & Bold,4.00,6.00,15.00,2.00,26.7%,40.0%,Wii Games,795,"Gaming Software, Wii",Store & Online,5051892018883,https://au.webuy.com/sell/product-detail?id=5051892018883
Indiana Jones And The Staff Of Kings,4.00,6.00,15.00,2.00,26.7%,40.0%,Wii Games,795,"Gaming Software, Wii",Store & Online,023272007843,https://au.webuy.com/sell/product-detail?id=023272007843
Monster Lab,3.00,5.00,12.00,2.00,25.0%,41.7%,Wii Games,795,"Gaming Software, Wii",Store & Online,5021290036116,https://au.webuy.com/sell/product-detail?id=5021290036116
Spongebob: Truth or Square,4.00,6.00,15.00,2.00,26.7%,40.0%,Wii Games,795,"Gaming Software, Wii",Store & Online,4005209124256,https://au.webuy.com/sell/product-detail?id=4005209124256
Pac Man Party,4.00,6.00,15.00,2.00,26.7%,40.0%,Wii Games,795,"Gaming Software, Wii",Store & Online,3700577001758,https://au.webuy.com/sell/product-detail?id=3700577001758
Godfather: Blackhand Edition,4.00,6.00,15.00,2.00,26.7%,40.0%,Wii Games,795,"Gaming Software, Wii",Store & Online,5030930055455,https://au.webuy.com/sell/product-detail?id=5030930055455
Raving Rabbids Party Collection,4.00,6.00,15.00,2.00,26.7%,40.0%,Wii Games,795,"Gaming Software, Wii",Store & Online,3307212815246,https://au.webuy.com/sell/product-detail?id=3307212815246
Deadly Creatures,3.00,5.00,12.00,2.00,25.0%,41.7%,Wii Games,795,"Gaming Software, Wii",Store & Online,4005209111881,https://au.webuy.com/sell/product-detail?id=4005209111881
Transformers - Cybertron Adventures,4.00,6.00,15.00,2.00,26.7%,40.0%,Wii Games,795,"Gaming Software, Wii",Store & Online,5030917082351,https://au.webuy.com/sell/product-detail?id=5030917082351
Scene It: Twilight,5.00,8.00,18.00,3.00,27.8%,44.4%,Wii Games,795,"Gaming Software, Wii",Store & Online,4012927092729,https://au.webuy.com/sell/product-detail?id=4012927092729
Alice In Wonderland,4.00,6.00,15.00,2.00,26.7%,40.0%,Wii Games,795,"Gaming Software, Wii",Store & Online,8717418246082,https://au.webuy.com/sell/product-detail?id=8717418246082
Hasbro Family Game Night 3,4.00,6.00,15.00,2.00,26.7%,40.0%,Wii Games,795,"Gaming Software, Wii",Store & Online,5030930092191,https://au.webuy.com/sell/product-detail?id=5030930092191
Shrek The Third,4.00,6.00,15.00,2.00,26.7%,40.0%,Wii Games,795,"Gaming Software, Wii",Store & Online,5030917045240,https://au.webuy.com/sell/product-detail?id=5030917045240
NBA - Jam,4.00,6.00,15.00,2.00,26.7%,40.0%,Wii Games,795,"Gaming Software, Wii",Store & Online,5030930092474,https://au.webuy.com/sell/product-detail?id=5030930092474
Ratatouille,5.00,7.00,20.00,2.00,25.0%,35.0%,Wii Games,795,"Gaming Software, Wii",Store & Online,4005209090605,https://au.webuy.com/sell/product-detail?id=4005209090605
Crash Of The Titans,3.00,6.00,18.00,3.00,16.7%,33.3%,Wii Games,795,"Gaming Software, Wii",Store & Online,3348542212138,https://au.webuy.com/sell/product-detail?id=3348542212138
Link's Crossbow Training (With Zapper),3.00,5.00,12.00,2.00,25.0%,41.7%,Wii Games,795,"Gaming Software, Wii",Store & Online,045496890186,https://au.webuy.com/sell/product-detail?id=045496890186
Sam & Max: Season 1,3.00,5.00,12.00,2.00,25.0%,41.7%,Wii Games,795,"Gaming Software, Wii",Store & Online,831053002204,https://au.webuy.com/sell/product-detail?id=831053002204
Shrek Forever After,5.00,8.00,18.00,3.00,27.8%,44.4%,Wii Games,795,"Gaming Software, Wii",Store & Online,5030917082047,https://au.webuy.com/sell/product-detail?id=5030917082047
Shrek's Carnival Craze,4.00,6.00,15.00,2.00,26.7%,40.0%,Wii Games,795,"Gaming Software, Wii",Store & Online,5030917056833,https://au.webuy.com/sell/product-detail?id=5030917056833
Just Dance 2: Extra Songs,4.00,6.00,15.00,2.00,26.7%,40.0%,Wii Games,795,"Gaming Software, Wii",Store & Online,3307215588505,https://au.webuy.com/sell/product-detail?id=3307215588505
Formula 1 2009,3.00,5.00,15.00,2.00,20.0%,33.3%,Wii Games,795,"Gaming Software, Wii",Store & Online,5024866342079,https://au.webuy.com/sell/product-detail?id=5024866342079
"Family Trainer, with Mat",5.00,8.00,18.00,3.00,27.8%,44.4%,Wii Games,795,"Gaming Software, Wii",Store & Online,3296580805303,https://au.webuy.com/sell/product-detail?id=3296580805303
U-Sing + Mic,4.00,6.00,15.00,2.00,26.7%,40.0%,Wii Games,795,"Gaming Software, Wii",Store & Online,5390102506452,https://au.webuy.com/sell/product-detail?id=5390102506452
My Sims Skyheroes,3.00,5.00,12.00,2.00,25.0%,41.7%,Wii Games,795,"Gaming Software, Wii",Store & Online,5030930083120,https://au.webuy.com/sell/product-detail?id=5030930083120
Monster Jam,5.00,9.00,20.00,4.00,25.0%,45.0%,Wii Games,795,"Gaming Software, Wii",Store & Online,5030917052927,https://au.webuy.com/sell/product-detail?id=5030917052927
Ghostbusters,3.00,5.00,12.00,2.00,25.0%,41.7%,Wii Games,795,"Gaming Software, Wii",Store & Online,3546430144701,https://au.webuy.com/sell/product-detail?id=3546430144701
AFL Live,3.00,5.00,12.00,2.00,25.0%,41.7%,Wii Games,795,"Gaming Software, Wii",Store & Online,9312590131264,https://au.webuy.com/sell/product-detail?id=9312590131264
Martian Panic Bundle (2 Phazers),3.00,5.00,12.00,2.00,25.0%,41.7%,Wii Games,795,"Gaming Software, Wii",Store & Online,9338176009611,https://au.webuy.com/sell/product-detail?id=9338176009611
AFL Live (GOTY),4.00,6.00,15.00,2.00,26.7%,40.0%,Wii Games,795,"Gaming Software, Wii",Out of Stock,9312590131271,https://au.webuy.com/sell/product-detail?id=9312590131271
Sam & Max: Season 1,3.00,5.00,12.00,2.00,25.0%,41.7%,Wii Games,795,"Gaming Software, Wii",Store & Online,9006113150510,https://au.webuy.com/sell/product-detail?id=9006113150510
My Fairytale Adventure,3.00,5.00,12.00,2.00,25.0%,41.7%,Wii Games,795,"Gaming Software, Wii",Store & Online,8717418372651,https://au.webuy.com/sell/product-detail?id=8717418372651
Phineas and Ferb Across the 2nd Dimension,4.00,6.00,15.00,2.00,26.7%,40.0%,Wii Games,795,"Gaming Software, Wii",Store & Online,8717418320485,https://au.webuy.com/sell/product-detail?id=8717418320485
Disney Sing It Party Hits + Microphone,5.00,8.00,18.00,3.00,27.8%,44.4%,Wii Games,795,"Gaming Software, Wii",Out of Stock,8717418278984,https://au.webuy.com/sell/product-detail?id=8717418278984
Turbo Trainz,4.00,6.00,15.00,2.00,26.7%,40.0%,Wii Games,795,"Gaming Software, Wii",Out of Stock,831053003126,https://au.webuy.com/sell/product-detail?id=831053003126
Diabolik: The Original Sin,5.00,8.00,15.00,3.00,33.3%,53.3%,Wii Games,795,"Gaming Software, Wii",Out of Stock,8033102495636,https://au.webuy.com/sell/product-detail?id=8033102495636
Zumba Fitness: World Party,3.00,5.00,12.00,2.00,25.0%,41.7%,Wii Games,795,"Gaming Software, Wii",Out of Stock,8023171033495,https://au.webuy.com/sell/product-detail?id=8023171033495
Pop!,5.00,8.00,18.00,3.00,27.8%,44.4%,Wii Games,795,"Gaming Software, Wii",Out of Stock,8023171012773,https://au.webuy.com/sell/product-detail?id=8023171012773
Brunswick Pro Bowling,4.00,6.00,15.00,2.00,26.7%,40.0%,Wii Games,795,"Gaming Software, Wii",Store & Online,8023171010304,https://au.webuy.com/sell/product-detail?id=8023171010304
We Sing: Rock (Game Only),4.00,6.00,15.00,2.00,26.7%,40.0%,Wii Games,795,"Gaming Software, Wii",Out of Stock,7340044301309,https://au.webuy.com/sell/product-detail?id=7340044301309
We Dance - Game and Mat Pack,3.00,5.00,12.00,2.00,25.0%,41.7%,Wii Games,795,"Gaming Software, Wii",Out of Stock,7340044300951,https://au.webuy.com/sell/product-detail?id=7340044300951
Rally Racer + Wheel,4.00,6.00,15.00,2.00,26.7%,40.0%,Wii Games,795,"Gaming Software, Wii",Store & Online,7340044300869,https://au.webuy.com/sell/product-detail?id=7340044300869
Chicken Riot,4.00,6.00,15.00,2.00,26.7%,40.0%,Wii Games,795,"Gaming Software, Wii",Store & Online,5906961196576,https://au.webuy.com/sell/product-detail?id=5906961196576
Code Lyoko: Quest For Infinity,3.00,5.00,12.00,2.00,25.0%,41.7%,Wii Games,795,"Gaming Software, Wii",Out of Stock,5743211720019,https://au.webuy.com/sell/product-detail?id=5743211720019
U-Sing 2 + Mic,3.00,5.00,12.00,2.00,25.0%,41.7%,Wii Games,795,"Gaming Software, Wii",Store & Online,5390102513016,https://au.webuy.com/sell/product-detail?id=5390102513016
U-Sing: Girls Night + Mic,5.00,8.00,18.00,3.00,27.8%,44.4%,Wii Games,795,"Gaming Software, Wii",Out of Stock,5390102512590,https://au.webuy.com/sell/product-detail?id=5390102512590
Deal Or No Deal - The Banker is Back,3.00,5.00,12.00,2.00,25.0%,41.7%,Wii Games,795,"Gaming Software, Wii",Store & Online,5390102498573,https://au.webuy.com/sell/product-detail?id=5390102498573
Now! Thats What I Cal Music: Dance&Sing,3.00,5.00,12.00,2.00,25.0%,41.7%,Wii Games,795,"Gaming Software, Wii",Out of Stock,5060286390009,https://au.webuy.com/sell/product-detail?id=5060286390009
Horrible Histories: Ruthless Romans+Book,3.00,5.00,12.00,2.00,25.0%,41.7%,Wii Games,795,"Gaming Software, Wii",Out of Stock,5060193300160,https://au.webuy.com/sell/product-detail?id=5060193300160
Peppa Pig - The Game,3.00,5.00,12.00,2.00,25.0%,41.7%,Wii Games,795,"Gaming Software, Wii",Store & Online,5060148907987,https://au.webuy.com/sell/product-detail?id=5060148907987
Peppa Pig,4.00,6.00,15.00,2.00,26.7%,40.0%,Wii Games,795,"Gaming Software, Wii",Store & Online,5060148907369,https://au.webuy.com/sell/product-detail?id=5060148907369
Ghost Squad & Gun Pack,4.00,6.00,15.00,2.00,26.7%,40.0%,Wii Games,795,"Gaming Software, Wii",Out of Stock,5060138437043,https://au.webuy.com/sell/product-detail?id=5060138437043
Alvin And The Chipmunks: The Squeakquel,3.00,5.00,12.00,2.00,25.0%,41.7%,Wii Games,795,"Gaming Software, Wii",Store & Online,5060136651106,https://au.webuy.com/sell/product-detail?id=5060136651106
Escape The Museum,5.00,8.00,15.00,3.00,33.3%,53.3%,Wii Games,795,"Gaming Software, Wii",Store & Online,5060136651007,https://au.webuy.com/sell/product-detail?id=5060136651007
Night At The Museum 2,3.00,5.00,12.00,2.00,25.0%,41.7%,Wii Games,795,"Gaming Software, Wii",Store & Online,5060136650789,https://au.webuy.com/sell/product-detail?id=5060136650789
Cake Mania: In The Mix,4.00,6.00,15.00,2.00,26.7%,40.0%,Wii Games,795,"Wii, Gaming Software",Out of Stock,5060136650680,https://au.webuy.com/sell/product-detail?id=5060136650680
Despicable Me,4.00,6.00,15.00,2.00,26.7%,40.0%,Wii Games,795,"Gaming Software, Wii",Store & Online,5060125485194,https://au.webuy.com/sell/product-detail?id=5060125485194
Family Party Outdoor Fun,3.00,5.00,12.00,2.00,25.0%,41.7%,Wii Games,795,"Gaming Software, Wii",Out of Stock,5060125484074,https://au.webuy.com/sell/product-detail?id=5060125484074
Astro Boy: The Video Game,4.00,6.00,15.00,2.00,26.7%,40.0%,Wii Games,795,"Gaming Software, Wii",Store & Online,5060125483855,https://au.webuy.com/sell/product-detail?id=5060125483855
Brave: A Warriors Tale,3.00,5.00,12.00,2.00,25.0%,41.7%,Wii Games,795,"Gaming Software, Wii",Store & Online,5060112741319,https://au.webuy.com/sell/product-detail?id=5060112741319
Dream Pinball,4.00,6.00,15.00,2.00,26.7%,40.0%,Wii Games,795,"Gaming Software, Wii",Out of Stock,5060112741111,https://au.webuy.com/sell/product-detail?id=5060112741111
Little King's Story,4.00,6.00,15.00,2.00,26.7%,40.0%,Wii Games,795,"Gaming Software, Wii",Store & Online,5060102951544,https://au.webuy.com/sell/product-detail?id=5060102951544
Rygar - The Battle of Argus,4.00,6.00,15.00,2.00,26.7%,40.0%,Wii Games,795,"Gaming Software, Wii",Out of Stock,5060102951490,https://au.webuy.com/sell/product-detail?id=5060102951490
Anubis II,4.00,6.00,15.00,2.00,26.7%,40.0%,Wii Games,795,"Gaming Software, Wii",Store & Online,5060048319309,https://au.webuy.com/sell/product-detail?id=5060048319309
Great Party Games,3.00,5.00,12.00,2.00,25.0%,41.7%,Wii Games,795,"Gaming Software, Wii",Out of Stock,5060015539334,https://au.webuy.com/sell/product-detail?id=5060015539334
PDC World Championship Darts 2009,4.00,6.00,15.00,2.00,26.7%,40.0%,Wii Games,795,"Gaming Software, Wii",Out of Stock,5060015539273,https://au.webuy.com/sell/product-detail?id=5060015539273
Monster Trucks - Ultra Mega Xtreme,5.00,8.00,18.00,3.00,27.8%,44.4%,Wii Games,795,"Gaming Software, Wii",Store & Online,5055377601935,https://au.webuy.com/sell/product-detail?id=5055377601935
Mr Bean's Wacky World of Wii,3.00,5.00,12.00,2.00,25.0%,41.7%,Wii Games,795,"Gaming Software, Wii",Out of Stock,5051272005687,https://au.webuy.com/sell/product-detail?id=5051272005687
Trivial Pursuit: Bet You Know It,3.00,5.00,12.00,2.00,25.0%,41.7%,Wii Games,795,"Gaming Software, Wii",Out of Stock,5030930103699,https://au.webuy.com/sell/product-detail?id=5030930103699
Family Game Night 4: The Game Show,3.00,5.00,12.00,2.00,25.0%,41.7%,Wii Games,795,"Gaming Software, Wii",Store & Online,5030930103675,https://au.webuy.com/sell/product-detail?id=5030930103675
Spore Hero,4.00,6.00,15.00,2.00,26.7%,40.0%,Wii Games,795,"Gaming Software, Wii",Store & Online,5030930075224,https://au.webuy.com/sell/product-detail?id=5030930075224
Rock Band Song Pack 2,4.00,6.00,15.00,2.00,26.7%,40.0%,Wii Games,795,"Gaming Software, Wii",Store & Online,5030930069704,https://au.webuy.com/sell/product-detail?id=5030930069704
Teenage Mutant Ninja Turtles (2013),4.00,6.00,15.00,2.00,26.7%,40.0%,Wii Games,795,"Gaming Software, Wii",Out of Stock,5030917131707,https://au.webuy.com/sell/product-detail?id=5030917131707
Ice Age 4 - Continental Drift,4.00,6.00,15.00,2.00,26.7%,40.0%,Wii Games,795,"Gaming Software, Wii",Out of Stock,5030917109799,https://au.webuy.com/sell/product-detail?id=5030917109799
Wreck-it ralph,3.00,5.00,12.00,2.00,25.0%,41.7%,Wii Games,795,"Gaming Software, Wii",Out of Stock,5030917108730,https://au.webuy.com/sell/product-detail?id=5030917108730
Transformers Prime,4.00,6.00,15.00,2.00,26.7%,40.0%,Wii Games,795,"Gaming Software, Wii",Store & Online,5030917108587,https://au.webuy.com/sell/product-detail?id=5030917108587
"Amazing Spiderman, The",5.00,8.00,18.00,3.00,27.8%,44.4%,Wii Games,795,"Gaming Software, Wii",Out of Stock,5030917108471,https://au.webuy.com/sell/product-detail?id=5030917108471
"Rapala, We Fish (With Rod)",3.00,5.00,12.00,2.00,25.0%,41.7%,Wii Games,795,"Gaming Software, Wii",Out of Stock,5030917078927,https://au.webuy.com/sell/product-detail?id=5030917078927
Animal Planet: Vet Life,4.00,6.00,15.00,2.00,26.7%,40.0%,Wii Games,795,"Gaming Software, Wii",Store & Online,5030917076343,https://au.webuy.com/sell/product-detail?id=5030917076343
Rapala's Fishing Frenzy + Fishing Rod,5.00,9.00,20.00,4.00,25.0%,45.0%,Wii Games,795,"Gaming Software, Wii",Out of Stock,5030917056659,https://au.webuy.com/sell/product-detail?id=5030917056659
Cabelas Big Game Hunter,5.00,8.00,18.00,3.00,27.8%,44.4%,Wii Games,795,"Gaming Software, Wii",Out of Stock,5030917053535,https://au.webuy.com/sell/product-detail?id=5030917053535
Hot Wheels: Beat That,4.00,6.00,15.00,2.00,26.7%,40.0%,Wii Games,795,"Gaming Software, Wii",Out of Stock,5030917048623,https://au.webuy.com/sell/product-detail?id=5030917048623
NBA 2k13,3.00,5.00,12.00,2.00,25.0%,41.7%,Wii Games,795,"Gaming Software, Wii",Out of Stock,5026555045704,https://au.webuy.com/sell/product-detail?id=5026555045704
New Carnival - Fun Fair Games,4.00,6.00,15.00,2.00,26.7%,40.0%,Wii Games,795,"Gaming Software, Wii",Out of Stock,5026555044554,https://au.webuy.com/sell/product-detail?id=5026555044554
Cricket + Bat,3.00,5.00,12.00,2.00,25.0%,41.7%,Wii Games,795,"Gaming Software, Wii",Store & Online,5024866340648C,https://au.webuy.com/sell/product-detail?id=5024866340648C
Wacky Races: Crash & Dash,3.00,5.00,12.00,2.00,25.0%,41.7%,Wii Games,795,"Gaming Software, Wii",Out of Stock,5021290035904,https://au.webuy.com/sell/product-detail?id=5021290035904
Tomb Raider Underworld,4.00,6.00,15.00,2.00,26.7%,40.0%,Wii Games,795,"Gaming Software, Wii",Store & Online,5021290035652,https://au.webuy.com/sell/product-detail?id=5021290035652
Off Road (Game Only),3.00,5.00,12.00,2.00,25.0%,41.7%,Wii Games,795,"Gaming Software, Wii",Store & Online,5017783027860,https://au.webuy.com/sell/product-detail?id=5017783027860
Cruise Ship Resort,4.00,6.00,15.00,2.00,26.7%,40.0%,Wii Games,795,"Gaming Software, Wii",Out of Stock,5016488121101,https://au.webuy.com/sell/product-detail?id=5016488121101
Hidden Mysteries: Titanic,4.00,6.00,15.00,2.00,26.7%,40.0%,Wii Games,795,"Gaming Software, Wii",Out of Stock,5016488121019,https://au.webuy.com/sell/product-detail?id=5016488121019
101 in 1 Sports Party Mix,3.00,5.00,12.00,2.00,25.0%,41.7%,Wii Games,795,"Gaming Software, Wii",Store & Online,4779026380910,https://au.webuy.com/sell/product-detail?id=4779026380910
101-In-1 Sports Party Megamix,4.00,6.00,15.00,2.00,26.7%,40.0%,Wii Games,795,"Gaming Software, Wii",Store & Online,4779026380729,https://au.webuy.com/sell/product-detail?id=4779026380729
The Crown Of Midas,5.00,8.00,18.00,3.00,27.8%,44.4%,Wii Games,795,"Gaming Software, Wii",Out of Stock,4260153362400,https://au.webuy.com/sell/product-detail?id=4260153362400
X-Factor (Game Only),3.00,5.00,12.00,2.00,25.0%,41.7%,Wii Games,795,"Gaming Software, Wii",Store & Online,4020628507596,https://au.webuy.com/sell/product-detail?id=4020628507596
Secret Files - Tunguska,5.00,8.00,18.00,3.00,27.8%,44.4%,Wii Games,795,"Gaming Software, Wii",Out of Stock,4020628502201,https://au.webuy.com/sell/product-detail?id=4020628502201
Pro Evolution Soccer 2013,3.00,5.00,12.00,2.00,25.0%,41.7%,Wii Games,795,"Gaming Software, Wii",Out of Stock,4012927095768,https://au.webuy.com/sell/product-detail?id=4012927095768
Beyblade Metal Fusion,4.00,6.00,15.00,2.00,26.7%,40.0%,Wii Games,795,"Gaming Software, Wii",Out of Stock,4012927093788,https://au.webuy.com/sell/product-detail?id=4012927093788
Sports Island 3,4.00,6.00,15.00,2.00,26.7%,40.0%,Wii Games,795,"Wii, Gaming Software",Out of Stock,4012927093689,https://au.webuy.com/sell/product-detail?id=4012927093689
Dance Dance Revolution: Hottest Party 3,5.00,8.00,18.00,3.00,27.8%,44.4%,Wii Games,795,"Gaming Software, Wii",Out of Stock,4012927092903,https://au.webuy.com/sell/product-detail?id=4012927092903
Dancing Stage: Hottest Party(W/Mat),3.00,5.00,12.00,2.00,25.0%,41.7%,Wii Games,795,"Gaming Software, Wii",Store & Online,4012927090923,https://au.webuy.com/sell/product-detail?id=4012927090923
Penguins Of Madagascar,3.00,5.00,12.00,2.00,25.0%,41.7%,Wii Games,795,"Gaming Software, Wii",Out of Stock,4005209144681,https://au.webuy.com/sell/product-detail?id=4005209144681
UFC Personal Trainer With Leg Strap,5.00,8.00,18.00,3.00,27.8%,44.4%,Wii Games,795,"Gaming Software, Wii",Out of Stock,40052091379WL,https://au.webuy.com/sell/product-detail?id=40052091379WL
Spongebob's Atlantis Squarepantis,4.00,6.00,15.00,2.00,26.7%,40.0%,Wii Games,795,"Gaming Software, Wii",Store & Online,4005209097079,https://au.webuy.com/sell/product-detail?id=4005209097079
Nicktoons: Attack Of The Toybots,3.00,5.00,12.00,2.00,25.0%,41.7%,Wii Games,795,"Gaming Software, Wii",Store & Online,4005209097048,https://au.webuy.com/sell/product-detail?id=4005209097048
Garfield Show,3.00,5.00,12.00,2.00,25.0%,41.7%,Wii Games,795,"Gaming Software, Wii",Store & Online,3770000633405,https://au.webuy.com/sell/product-detail?id=3770000633405
Spray,3.00,5.00,12.00,2.00,25.0%,41.7%,Wii Games,795,"Gaming Software, Wii",Store & Online,3770000633351,https://au.webuy.com/sell/product-detail?id=3770000633351
My Baby 2,4.00,6.00,15.00,2.00,26.7%,40.0%,Wii Games,795,"Gaming Software, Wii",Out of Stock,3760137147579,https://au.webuy.com/sell/product-detail?id=3760137147579
Family Party Fitness Fun,3.00,5.00,12.00,2.00,25.0%,41.7%,Wii Games,795,"Gaming Software, Wii",Out of Stock,3700577001628,https://au.webuy.com/sell/product-detail?id=3700577001628
Trackmania,3.00,5.00,12.00,2.00,25.0%,41.7%,Wii Games,795,"Gaming Software, Wii",Store & Online,3512289017152,https://au.webuy.com/sell/product-detail?id=3512289017152
Deer Drive + Rifle,3.00,5.00,12.00,2.00,25.0%,41.7%,Wii Games,795,"Gaming Software, Wii",Out of Stock,3499550285321,https://au.webuy.com/sell/product-detail?id=3499550285321
Shimano Extreme Fishing + Rod,5.00,8.00,18.00,3.00,27.8%,44.4%,Wii Games,795,"Gaming Software, Wii",Out of Stock,3499550282832,https://au.webuy.com/sell/product-detail?id=3499550282832
Ben 10 Omniverse 2,4.00,6.00,15.00,2.00,26.7%,40.0%,Wii Games,795,"Gaming Software, Wii",Store & Online,3391891973601,https://au.webuy.com/sell/product-detail?id=3391891973601
"Croods, The: Prehistoric Party",4.00,6.00,15.00,2.00,26.7%,40.0%,Wii Games,795,"Gaming Software, Wii",Store & Online,3391891968683,https://au.webuy.com/sell/product-detail?id=3391891968683
Rise Of The Guardians,3.00,5.00,12.00,2.00,25.0%,41.7%,Wii Games,795,"Gaming Software, Wii",Store & Online,3391891966573,https://au.webuy.com/sell/product-detail?id=3391891966573
Ben 10 Omniverse,4.00,6.00,15.00,2.00,26.7%,40.0%,Wii Games,795,"Gaming Software, Wii",Store & Online,3391891966184,https://au.webuy.com/sell/product-detail?id=3391891966184
Power Rangers Samurai,4.00,6.00,15.00,2.00,26.7%,40.0%,Wii Games,795,"Gaming Software, Wii",Out of Stock,3391891959179,https://au.webuy.com/sell/product-detail?id=3391891959179
CSI: Fatal Conspiracy,4.00,6.00,15.00,2.00,26.7%,40.0%,Wii Games,795,"Gaming Software, Wii",Out of Stock,3307217935413,https://au.webuy.com/sell/product-detail?id=3307217935413
NCIS,3.00,5.00,12.00,2.00,25.0%,41.7%,Wii Games,795,"Gaming Software, Wii",Store & Online,3307215594384,https://au.webuy.com/sell/product-detail?id=3307215594384
Grey's Anatomy,4.00,6.00,15.00,2.00,26.7%,40.0%,Wii Games,795,"Gaming Software, Wii",Store & Online,3307211619418,https://au.webuy.com/sell/product-detail?id=3307211619418
Brothers In Arms: Double Time,5.00,8.00,18.00,3.00,27.8%,44.4%,Wii Games,795,"Gaming Software, Wii",Store & Online,3307210415226,https://au.webuy.com/sell/product-detail?id=3307210415226
Blazing Angels,3.00,5.00,12.00,2.00,25.0%,41.7%,Wii Games,795,"Gaming Software, Wii",Out of Stock,3307210236586,https://au.webuy.com/sell/product-detail?id=3307210236586
Quiz Party,4.00,6.00,15.00,2.00,26.7%,40.0%,Wii Games,795,"Gaming Software, Wii",Out of Stock,045496401696,https://au.webuy.com/sell/product-detail?id=045496401696
Wii Chess,3.00,5.00,12.00,2.00,25.0%,41.7%,Wii Games,795,"Gaming Software, Wii",Out of Stock,045496364878,https://au.webuy.com/sell/product-detail?id=045496364878
Mario Kart - W/Out Wheel,12.00,19.00,35.00,7.00,34.3%,54.3%,Wii Games,795,"Gaming Software, Wii",Store & Online,045496365219,https://au.webuy.com/sell/product-detail?id=045496365219
Wii Fit Plus & Balance Board,7.00,11.00,20.00,4.00,35.0%,55.0%,Wii Games,795,"Gaming Software, Wii",Store & Online,045496901691,https://au.webuy.com/sell/product-detail?id=045496901691
Super Mario Galaxy,8.00,14.00,32.00,6.00,25.0%,43.8%,Wii Games,795,"Gaming Software, Wii",Store & Online,045496900434,https://au.webuy.com/sell/product-detail?id=045496900434
Wii Sports Resort (Normal DVD Case),14.00,22.00,40.00,8.00,35.0%,55.0%,Wii Games,795,"Gaming Software, Wii",Store & Online,045496367596,https://au.webuy.com/sell/product-detail?id=045496367596
Mario & Sonic At The Olympic Winter Game,8.00,13.00,25.00,5.00,32.0%,52.0%,Wii Games,795,"Gaming Software, Wii",Store & Online,5055277000845,https://au.webuy.com/sell/product-detail?id=5055277000845
Mario & Sonic At The London 2012 Olympic,10.00,16.00,30.00,6.00,33.3%,53.3%,Wii Games,795,"Gaming Software, Wii",Store & Online,5055277013661,https://au.webuy.com/sell/product-detail?id=5055277013661
New Super Mario Bros. Wii,14.00,22.00,40.00,8.00,35.0%,55.0%,Wii Games,795,"Gaming Software, Wii",Store & Online,045496901738,https://au.webuy.com/sell/product-detail?id=045496901738
Super Paper Mario,12.00,19.00,35.00,7.00,34.3%,54.3%,Wii Games,795,"Gaming Software, Wii",Store & Online,045496900151,https://au.webuy.com/sell/product-detail?id=045496900151
Just Dance 2015,7.00,11.00,20.00,4.00,35.0%,55.0%,Wii Games,795,"Gaming Software, Wii",Store & Online,3307215797211,https://au.webuy.com/sell/product-detail?id=3307215797211
Super Mario Galaxy 2,15.00,24.00,45.00,9.00,33.3%,53.3%,Wii Games,795,"Gaming Software, Wii",Store & Online,045496901905,https://au.webuy.com/sell/product-detail?id=045496901905
Super Smash Bros Brawl,10.00,16.00,30.00,6.00,33.3%,53.3%,Wii Games,795,"Gaming Software, Wii",Store & Online,045496900397,https://au.webuy.com/sell/product-detail?id=045496900397
Legend of Zelda: Twilight Princess,14.00,22.00,40.00,8.00,35.0%,55.0%,Wii Games,795,"Gaming Software, Wii",Store & Online,045496900014,https://au.webuy.com/sell/product-detail?id=045496900014
Mario Kart - With Wheel,14.00,22.00,40.00,8.00,35.0%,55.0%,Wii Games,795,"Gaming Software, Wii",Store & Online,045496901004,https://au.webuy.com/sell/product-detail?id=045496901004
Crash - Mind Over Mutant,7.00,11.00,20.00,4.00,35.0%,55.0%,Wii Games,795,"Gaming Software, Wii",Store & Online,3348542220065,https://au.webuy.com/sell/product-detail?id=3348542220065
Legend Of Zelda: Skyward Sword,9.00,13.00,35.00,4.00,25.7%,37.1%,Wii Games,795,"Gaming Software, Wii",Store & Online,045496400699,https://au.webuy.com/sell/product-detail?id=045496400699
Simpsons Game,12.00,19.00,35.00,7.00,34.3%,54.3%,Wii Games,795,"Gaming Software, Wii",Store & Online,5030941059442,https://au.webuy.com/sell/product-detail?id=5030941059442
Sonic and the Black Knight,13.00,20.00,38.00,7.00,34.2%,52.6%,Wii Games,795,"Gaming Software, Wii",Store & Online,5060138442313,https://au.webuy.com/sell/product-detail?id=5060138442313
Metroid Prime 3: Corruption,7.00,11.00,20.00,4.00,35.0%,55.0%,Wii Games,795,"Gaming Software, Wii",Store & Online,045496900052,https://au.webuy.com/sell/product-detail?id=045496900052
Legend Of Spyro - Dawn Of The Dragon,7.00,11.00,20.00,4.00,35.0%,55.0%,Wii Games,795,"Gaming Software, Wii",Store & Online,3348542220478,https://au.webuy.com/sell/product-detail?id=3348542220478
Resident Evil 4 (15),14.00,22.00,40.00,8.00,35.0%,55.0%,Wii Games,795,"Gaming Software, Wii",Store & Online,045496363284,https://au.webuy.com/sell/product-detail?id=045496363284
Animal Crossing Lets Go To The City (Game Only),12.00,19.00,35.00,7.00,34.3%,54.3%,Wii Games,795,"Gaming Software, Wii",Store & Online,045496901363,https://au.webuy.com/sell/product-detail?id=045496901363
Mario Strikers Charged Football,7.00,11.00,20.00,4.00,35.0%,55.0%,Wii Games,795,"Gaming Software, Wii",Store & Online,045496900212,https://au.webuy.com/sell/product-detail?id=045496900212
Scooby-Doo! First Frights,7.00,11.00,20.00,4.00,35.0%,55.0%,Wii Games,795,"Gaming Software, Wii",Store & Online,5051892009478,https://au.webuy.com/sell/product-detail?id=5051892009478
Wario Ware - Smooth Moves,7.00,11.00,20.00,4.00,35.0%,55.0%,Wii Games,795,"Gaming Software, Wii",Store & Online,045496900038,https://au.webuy.com/sell/product-detail?id=045496900038
Sonic Riders: Zero Gravity,10.00,16.00,30.00,6.00,33.3%,53.3%,Wii Games,795,"Gaming Software, Wii",Store & Online,5060138435292,https://au.webuy.com/sell/product-detail?id=5060138435292
Dragon Ball Z Budokai Tenkaichi 3,8.00,13.00,25.00,5.00,32.0%,52.0%,Wii Games,795,"Gaming Software, Wii",Store & Online,3546430134528,https://au.webuy.com/sell/product-detail?id=3546430134528
Guitar Hero - Warriors Of Rock (Solus),8.00,13.00,25.00,5.00,32.0%,52.0%,Wii Games,795,"Gaming Software, Wii",Store & Online,5030917088100,https://au.webuy.com/sell/product-detail?id=5030917088100
Wii Play: Motion (Game Only),10.00,16.00,30.00,6.00,33.3%,53.3%,Wii Games,795,"Gaming Software, Wii",Store & Online,045496369WPM,https://au.webuy.com/sell/product-detail?id=045496369WPM
Just Dance 2017,8.00,13.00,25.00,5.00,32.0%,52.0%,Wii Games,795,"Gaming Software, Wii",Store & Online,3307215967942,https://au.webuy.com/sell/product-detail?id=3307215967942
Just Dance 2018,7.00,11.00,20.00,4.00,35.0%,55.0%,Wii Games,795,"Gaming Software, Wii",Store & Online,3307216018292,https://au.webuy.com/sell/product-detail?id=3307216018292
Dead Space: Extraction,12.00,19.00,35.00,7.00,34.3%,54.3%,Wii Games,795,"Gaming Software, Wii",Store & Online,5030930076979,https://au.webuy.com/sell/product-detail?id=5030930076979
Skylanders Swap Force Starter Pack,14.00,22.00,40.00,8.00,35.0%,55.0%,Wii Games,795,"Gaming Software, Wii",Store & Online,5030917126444,https://au.webuy.com/sell/product-detail?id=5030917126444
Pikmin,8.00,11.00,30.00,3.00,26.7%,36.7%,Wii Games,795,"Gaming Software, Wii",Store & Online,045496901431,https://au.webuy.com/sell/product-detail?id=045496901431
Trauma Centre: New Blood,8.00,13.00,25.00,5.00,32.0%,52.0%,Wii Games,795,"Gaming Software, Wii",Store & Online,045496366674,https://au.webuy.com/sell/product-detail?id=045496366674
No More Heroes 2 - Desperate Struggle,10.00,16.00,30.00,6.00,33.3%,53.3%,Wii Games,795,"Gaming Software, Wii",Store & Online,5060102952374,https://au.webuy.com/sell/product-detail?id=5060102952374
Donkey Kong Jet Race,10.00,16.00,30.00,6.00,33.3%,53.3%,Wii Games,795,"Gaming Software, Wii",Store & Online,045496900403,https://au.webuy.com/sell/product-detail?id=045496900403
Super Mario All-Stars 25th Anniversary Ed. w/Booklet & CD,14.00,22.00,40.00,8.00,35.0%,55.0%,Wii Games,795,"Gaming Software, Wii",Out of Stock,045496369545,https://au.webuy.com/sell/product-detail?id=045496369545
Wario Land - The Shake Dimension,10.00,16.00,30.00,6.00,33.3%,53.3%,Wii Games,795,"Gaming Software, Wii",Store & Online,045496901172,https://au.webuy.com/sell/product-detail?id=045496901172
Harvest Moon: Magical Melody,7.00,11.00,20.00,4.00,35.0%,55.0%,Wii Games,795,"Gaming Software, Wii",Store & Online,045496363710,https://au.webuy.com/sell/product-detail?id=045496363710
Okami,8.00,13.00,25.00,5.00,32.0%,52.0%,Wii Games,795,"Gaming Software, Wii",Store & Online,5055060951002,https://au.webuy.com/sell/product-detail?id=5055060951002
Guitar Hero Metallica (Solus),8.00,13.00,25.00,5.00,32.0%,52.0%,Wii Games,795,"Gaming Software, Wii",Store & Online,5030917068164,https://au.webuy.com/sell/product-detail?id=5030917068164
Dragonball - Revenge of King Piccolo,10.00,16.00,30.00,6.00,33.3%,53.3%,Wii Games,795,"Gaming Software, Wii",Store & Online,3296580810093,https://au.webuy.com/sell/product-detail?id=3296580810093
Just Dance: Best Of,7.00,11.00,20.00,4.00,35.0%,55.0%,Wii Games,795,"Gaming Software, Wii",Store & Online,3307215629222,https://au.webuy.com/sell/product-detail?id=3307215629222
Sengoku Basara - Samurai Heroes,7.00,11.00,20.00,4.00,35.0%,55.0%,Wii Games,795,"Gaming Software, Wii",Store & Online,5055060952146,https://au.webuy.com/sell/product-detail?id=5055060952146
Spider-Man: Shattered Dimensions,12.00,19.00,35.00,7.00,34.3%,54.3%,Wii Games,795,"Gaming Software, Wii",Store & Online,5030917087240,https://au.webuy.com/sell/product-detail?id=5030917087240
Monster High: Ghoul Spirit,8.00,13.00,25.00,5.00,32.0%,52.0%,Wii Games,795,"Gaming Software, Wii",Store & Online,4005209149952,https://au.webuy.com/sell/product-detail?id=4005209149952
Just Dance Disney Party 2,10.00,16.00,30.00,6.00,33.3%,53.3%,Wii Games,795,"Gaming Software, Wii",Store & Online,3307215902394,https://au.webuy.com/sell/product-detail?id=3307215902394
DJ Hero & Turntable Kit,12.00,19.00,35.00,7.00,34.3%,54.3%,Wii Games,795,"Gaming Software, Wii",Store & Online,5030917073144,https://au.webuy.com/sell/product-detail?id=5030917073144
Yogi Bear,7.00,11.00,20.00,4.00,35.0%,55.0%,Wii Games,795,"Gaming Software, Wii",Store & Online,3700577002014,https://au.webuy.com/sell/product-detail?id=3700577002014
Spectrobes: Origins,8.00,13.00,25.00,5.00,32.0%,52.0%,Wii Games,795,"Gaming Software, Wii",Store & Online,8717418227739,https://au.webuy.com/sell/product-detail?id=8717418227739
House of the Dead - Overkill (CE),7.00,11.00,20.00,4.00,35.0%,55.0%,Wii Games,795,"Gaming Software, Wii",Store & Online,5060138443488,https://au.webuy.com/sell/product-detail?id=5060138443488
Mortal Kombat - Armageddon,14.00,22.00,40.00,8.00,35.0%,55.0%,Wii Games,795,"Gaming Software, Wii",Store & Online,5037930150227,https://au.webuy.com/sell/product-detail?id=5037930150227
FIFA 15,10.00,16.00,30.00,6.00,33.3%,53.3%,Wii Games,795,"Gaming Software, Wii",Store & Online,5030943113234,https://au.webuy.com/sell/product-detail?id=5030943113234
Tomb Raider Anniversary,8.00,13.00,25.00,5.00,32.0%,52.0%,Wii Games,795,"Gaming Software, Wii",Store & Online,5021290031913,https://au.webuy.com/sell/product-detail?id=5021290031913
Go Vacation,14.00,22.00,40.00,8.00,35.0%,55.0%,Wii Games,795,"Gaming Software, Wii",Store & Online,045496400606,https://au.webuy.com/sell/product-detail?id=045496400606
Super Mario All-Stars 25th Anniversary Edition (Game Only),12.00,19.00,35.00,7.00,34.3%,54.3%,Wii Games,795,"Gaming Software, Wii",Store & Online,045496369545B,https://au.webuy.com/sell/product-detail?id=045496369545B
RockBand 3 (Game Only),7.00,11.00,20.00,4.00,35.0%,55.0%,Wii Games,795,"Gaming Software, Wii",Store & Online,5030930094263,https://au.webuy.com/sell/product-detail?id=5030930094263
Spider-Man Friend Or Foe,10.00,16.00,30.00,6.00,33.3%,53.3%,Wii Games,795,"Gaming Software, Wii",Store & Online,5030917046940,https://au.webuy.com/sell/product-detail?id=5030917046940
How To Train Your Dragon 2,9.00,15.00,28.00,6.00,32.1%,53.6%,Wii Games,795,"Gaming Software, Wii",Out of Stock,8154030102295,https://au.webuy.com/sell/product-detail?id=8154030102295
Goldeneye 007 + Gold Controller,15.00,24.00,45.00,9.00,33.3%,53.3%,Wii Games,795,"Gaming Software, Wii",Store & Online,5030917090790,https://au.webuy.com/sell/product-detail?id=5030917090790
Sky Crawlers: Innocent Aces,11.00,15.00,40.00,4.00,27.5%,37.5%,Wii Games,795,"Gaming Software, Wii",Out of Stock,3296580811175,https://au.webuy.com/sell/product-detail?id=3296580811175
Dance Party - Club Hits (With Mat),7.00,11.00,20.00,4.00,35.0%,55.0%,Wii Games,795,"Gaming Software, Wii",Store & Online,7340044300302,https://au.webuy.com/sell/product-detail?id=7340044300302
Monopoly Collection,7.00,11.00,20.00,4.00,35.0%,55.0%,Wii Games,795,"Gaming Software, Wii",Store & Online,5030930102562,https://au.webuy.com/sell/product-detail?id=5030930102562
Guitar Hero: Van Halen,10.00,16.00,30.00,6.00,33.3%,53.3%,Wii Games,795,"Gaming Software, Wii",Store & Online,5030917069635,https://au.webuy.com/sell/product-detail?id=5030917069635
Spiderman Web Of Shadows,14.00,22.00,40.00,8.00,35.0%,55.0%,Wii Games,795,"Gaming Software, Wii",Out of Stock,5030917058172,https://au.webuy.com/sell/product-detail?id=5030917058172
Yu-Gi-Oh! 5D's Wheelie Breakers,7.00,11.00,20.00,4.00,35.0%,55.0%,Wii Games,795,"Gaming Software, Wii",Out of Stock,4012927091852,https://au.webuy.com/sell/product-detail?id=4012927091852
Dewy's Adventure,8.00,13.00,25.00,5.00,32.0%,52.0%,Wii Games,795,"Gaming Software, Wii",Store & Online,4012927090848,https://au.webuy.com/sell/product-detail?id=4012927090848
Barnyard,11.00,15.00,40.00,4.00,27.5%,37.5%,Wii Games,795,"Gaming Software, Wii",Store & Online,4005209087223,https://au.webuy.com/sell/product-detail?id=4005209087223
Just Dance 2019,14.00,22.00,40.00,8.00,35.0%,55.0%,Wii Games,795,"Gaming Software, Wii",Store & Online,3307216075462,https://au.webuy.com/sell/product-detail?id=3307216075462
Another Code R,12.00,19.00,35.00,7.00,34.3%,54.3%,Wii Games,795,"Gaming Software, Wii",Store & Online,045496367343,https://au.webuy.com/sell/product-detail?id=045496367343
Guitar Hero - Greatest Hits,11.00,15.00,40.00,4.00,27.5%,37.5%,Wii Games,795,"Gaming Software, Wii",Store & Online,5030917068676,https://au.webuy.com/sell/product-detail?id=5030917068676
Scarface: The World Is Yours,7.00,9.00,25.00,2.00,28.0%,36.0%,Wii Games,795,"Gaming Software, Wii",Store & Online,3348542211216,https://au.webuy.com/sell/product-detail?id=3348542211216
Bratz - Girlz Really Rock,10.00,16.00,30.00,6.00,33.3%,53.3%,Wii Games,795,"Gaming Software, Wii",Store & Online,4005209114127,https://au.webuy.com/sell/product-detail?id=4005209114127
Cooking Mama 2 - World Kitchen,7.00,11.00,20.00,4.00,35.0%,55.0%,Wii Games,795,"Gaming Software, Wii",Store & Online,8023171016504,https://au.webuy.com/sell/product-detail?id=8023171016504
Dragon Quest Swords: The Masked Queen and the Tower of Mirrors,7.00,11.00,20.00,4.00,35.0%,55.0%,Wii Games,795,"Gaming Software, Wii",Store & Online,5060121822719,https://au.webuy.com/sell/product-detail?id=5060121822719
Thomas & Friends: Hero of the Rails,11.00,17.00,32.00,6.00,34.4%,53.1%,Wii Games,795,"Gaming Software, Wii",Store & Online,5060216660028,https://au.webuy.com/sell/product-detail?id=5060216660028
Final Fantasy Crystal Chronicles Bearers,7.00,11.00,20.00,4.00,35.0%,55.0%,Wii Games,795,"Gaming Software, Wii",Store & Online,5060121826052,https://au.webuy.com/sell/product-detail?id=5060121826052
Mushroom Men - Spore Wars,7.00,12.00,22.00,5.00,31.8%,54.5%,Wii Games,795,"Gaming Software, Wii",Store & Online,5060112742071,https://au.webuy.com/sell/product-detail?id=5060112742071
Wild West Shootout Combo Pack,14.00,22.00,40.00,8.00,35.0%,55.0%,Wii Games,795,"Gaming Software, Wii",Store & Online,5055377601140,https://au.webuy.com/sell/product-detail?id=5055377601140
Conduit 2,8.00,13.00,25.00,5.00,32.0%,52.0%,Wii Games,795,"Gaming Software, Wii",Store & Online,5055277007851,https://au.webuy.com/sell/product-detail?id=5055277007851
Resident Evil Archives: Zero,14.00,22.00,40.00,8.00,35.0%,55.0%,Wii Games,795,"Wii, Gaming Software",Store & Online,5055060951965,https://au.webuy.com/sell/product-detail?id=5055060951965
Resident Evil: Darkside Chronicles+Gun,10.00,16.00,30.00,6.00,33.3%,53.3%,Wii Games,795,"Gaming Software, Wii",Out of Stock,5055060951897,https://au.webuy.com/sell/product-detail?id=5055060951897
Skylanders Giants Portal Owners Pack,7.00,12.00,22.00,5.00,31.8%,54.5%,Wii Games,795,"Gaming Software, Wii",Out of Stock,5030917113338,https://au.webuy.com/sell/product-detail?id=5030917113338
Cabela Big Game Hunter + Gun,12.00,19.00,35.00,7.00,34.3%,54.3%,Wii Games,795,"Gaming Software, Wii",Store & Online,5030917091070,https://au.webuy.com/sell/product-detail?id=5030917091070
Tony Hawk Ride & Board,14.00,22.00,40.00,8.00,35.0%,55.0%,Wii Games,795,"Gaming Software, Wii",Out of Stock,5030917074875,https://au.webuy.com/sell/product-detail?id=5030917074875
Fritz Chess Wii,10.00,16.00,30.00,6.00,33.3%,53.3%,Wii Games,795,"Gaming Software, Wii",Store & Online,4020628504984,https://au.webuy.com/sell/product-detail?id=4020628504984
Just Dance: Disney Party,8.00,13.00,25.00,5.00,32.0%,52.0%,Wii Games,795,"Gaming Software, Wii",Store & Online,3307215651094,https://au.webuy.com/sell/product-detail?id=3307215651094
Munchables,7.00,9.00,25.00,2.00,28.0%,36.0%,Wii Games,795,"Gaming Software, Wii",Out of Stock,3296580807703,https://au.webuy.com/sell/product-detail?id=3296580807703
Wii Fit Plus & Balance Board Discounted,8.00,13.00,25.00,5.00,32.0%,52.0%,Wii Games,795,"Gaming Software, Wii",Out of Stock,045496901691D,https://au.webuy.com/sell/product-detail?id=045496901691D
Endless Ocean,8.00,13.00,25.00,5.00,32.0%,52.0%,Wii Games,795,"Gaming Software, Wii",Store & Online,045496900427,https://au.webuy.com/sell/product-detail?id=045496900427
Monster Hunter Tri + Classic Controller,14.00,22.00,40.00,8.00,35.0%,55.0%,Wii Games,795,"Gaming Software, Wii",Out of Stock,045496368579,https://au.webuy.com/sell/product-detail?id=045496368579
Harvest Moon: Tree Of Tranquility,7.00,11.00,20.00,4.00,35.0%,55.0%,Wii Games,795,"Gaming Software, Wii",Store & Online,045496368036,https://au.webuy.com/sell/product-detail?id=045496368036
Formula 1 2009 + F1 Steering Wheel,12.00,19.00,35.00,7.00,34.3%,54.3%,Wii Games,795,"Gaming Software, Wii",Out of Stock,5024866342130,https://au.webuy.com/sell/product-detail?id=5024866342130
Bully - Scholarship Edition,7.00,11.00,20.00,4.00,35.0%,55.0%,Wii Games,795,"Gaming Software, Wii",Store & Online,5026555041775,https://au.webuy.com/sell/product-detail?id=5026555041775
Mario Sports Mix,14.00,22.00,40.00,8.00,35.0%,55.0%,Wii Games,795,"Gaming Software, Wii",Store & Online,0045496902131,https://au.webuy.com/sell/product-detail?id=0045496902131
Cooking Mama World: Babysitting W/Doll,8.00,13.00,25.00,5.00,32.0%,52.0%,Wii Games,795,"Gaming Software, Wii",Out of Stock,8023171024455,https://au.webuy.com/sell/product-detail?id=8023171024455
North American Hunting ... + Gun,10.00,16.00,30.00,6.00,33.3%,53.3%,Wii Games,795,"Gaming Software, Wii",Out of Stock,7340044300937,https://au.webuy.com/sell/product-detail?id=7340044300937
Nerf N-Strike (with Blaster),14.00,22.00,40.00,8.00,35.0%,55.0%,Wii Games,795,"Gaming Software, Wii",Out of Stock,5030935066029,https://au.webuy.com/sell/product-detail?id=5030935066029
DJ Hero: Renegade Edition,8.00,13.00,25.00,5.00,32.0%,52.0%,Wii Games,795,"Gaming Software, Wii",Out of Stock,5030917075025,https://au.webuy.com/sell/product-detail?id=5030917075025
Escape From Bug Island,7.00,12.00,22.00,5.00,31.8%,54.5%,Wii Games,795,"Gaming Software, Wii",Store & Online,5021290031234,https://au.webuy.com/sell/product-detail?id=5021290031234
Lost in Blue: Shipwrecked,6.00,9.00,18.00,3.00,33.3%,50.0%,Wii Games,795,"Gaming Software, Wii",Store & Online,4012927091333,https://au.webuy.com/sell/product-detail?id=4012927091333
Tiger Woods PGA Tour 12,12.00,19.00,35.00,7.00,34.3%,54.3%,Wii Games,795,"Gaming Software, Wii",Store & Online,5030930097066,https://au.webuy.com/sell/product-detail?id=5030930097066
Reload Gun Bundle,10.00,16.00,30.00,6.00,33.3%,53.3%,Wii Games,795,"Gaming Software, Wii",Store & Online,9338176008645,https://au.webuy.com/sell/product-detail?id=9338176008645
Barbie Horse Adventures: Riding Camp,8.00,11.00,30.00,3.00,26.7%,36.7%,Wii Games,795,"Gaming Software, Wii",Store & Online,5030917059186,https://au.webuy.com/sell/product-detail?id=5030917059186
On The Trail of The Mysterious Appaloosa,7.00,11.00,20.00,4.00,35.0%,55.0%,Wii Games,795,"Gaming Software, Wii",Store & Online,9338671003381,https://au.webuy.com/sell/product-detail?id=9338671003381
Pocoyo Racing & Racing Wheel,7.00,11.00,20.00,4.00,35.0%,55.0%,Wii Games,795,"Gaming Software, Wii",Out of Stock,8718274541403,https://au.webuy.com/sell/product-detail?id=8718274541403
Stunt Flyer Hero Of The Sky +Flightstick,7.00,11.00,20.00,4.00,35.0%,55.0%,Wii Games,795,"Gaming Software, Wii",Out of Stock,8718274541380,https://au.webuy.com/sell/product-detail?id=8718274541380
Sing It: Disney Family Hits + Mic,12.00,19.00,35.00,7.00,34.3%,54.3%,Wii Games,795,"Gaming Software, Wii",Store & Online,8717418276249,https://au.webuy.com/sell/product-detail?id=8717418276249
Disney Sing It - Family Hits,6.00,9.00,18.00,3.00,33.3%,50.0%,Wii Games,795,"Gaming Software, Wii",Store & Online,8717418275921,https://au.webuy.com/sell/product-detail?id=8717418275921
Disney Sing It - Pop Hits (With Microp.),7.00,11.00,20.00,4.00,35.0%,55.0%,Wii Games,795,"Gaming Software, Wii",Store & Online,8717418229566,https://au.webuy.com/sell/product-detail?id=8717418229566
Disney Sing It! (With Microphone),8.00,13.00,25.00,5.00,32.0%,52.0%,Wii Games,795,"Gaming Software, Wii",Out of Stock,8717418181819,https://au.webuy.com/sell/product-detail?id=8717418181819
Pocoyo Racing,7.00,11.00,20.00,4.00,35.0%,55.0%,Wii Games,795,"Gaming Software, Wii",Out of Stock,8437010954016,https://au.webuy.com/sell/product-detail?id=8437010954016
Disney Planes: Fire & Rescue,10.00,16.00,30.00,6.00,33.3%,53.3%,Wii Games,795,"Gaming Software, Wii",Out of Stock,8154030103056,https://au.webuy.com/sell/product-detail?id=8154030103056
Barbie Dreamhouse Party,7.00,11.00,20.00,4.00,35.0%,55.0%,Wii Games,795,"Gaming Software, Wii",Store & Online,8154030101892,https://au.webuy.com/sell/product-detail?id=8154030101892
Legend Of Sayuki,14.00,22.00,40.00,8.00,35.0%,55.0%,Wii Games,795,"Gaming Software, Wii",Out of Stock,8023171013206,https://au.webuy.com/sell/product-detail?id=8023171013206
Monster trucks mayhem,7.00,11.00,20.00,4.00,35.0%,55.0%,Wii Games,795,"Gaming Software, Wii",Out of Stock,802068102470,https://au.webuy.com/sell/product-detail?id=802068102470
We Sing Pop,10.00,16.00,30.00,6.00,33.3%,53.3%,Wii Games,795,"Gaming Software, Wii",Store & Online,7340044301323,https://au.webuy.com/sell/product-detail?id=7340044301323
We Sing: Rock (Mic Bundle),7.00,11.00,20.00,4.00,35.0%,55.0%,Wii Games,795,"Gaming Software, Wii",Out of Stock,7340044301316,https://au.webuy.com/sell/product-detail?id=7340044301316
We Sing Encore Plus 2 Mics,10.00,16.00,30.00,6.00,33.3%,53.3%,Wii Games,795,"Gaming Software, Wii",Out of Stock,7340044300647,https://au.webuy.com/sell/product-detail?id=7340044300647
My First Songs With Mic,7.00,11.00,20.00,4.00,35.0%,55.0%,Wii Games,795,"Gaming Software, Wii",Out of Stock,5390102515300,https://au.webuy.com/sell/product-detail?id=5390102515300
U-Sing: Girls Night + 2 Mic,7.00,11.00,20.00,4.00,35.0%,55.0%,Wii Games,795,"Gaming Software, Wii",Out of Stock,5390102512606,https://au.webuy.com/sell/product-detail?id=5390102512606
Countdown,7.00,11.00,20.00,4.00,35.0%,55.0%,Wii Games,795,"Gaming Software, Wii",Out of Stock,5390102506810,https://au.webuy.com/sell/product-detail?id=5390102506810
Alvin & The Chipmunks - Chip Wrecked (12,7.00,11.00,20.00,4.00,35.0%,55.0%,Wii Games,795,"Gaming Software, Wii",Out of Stock,5060288220021,https://au.webuy.com/sell/product-detail?id=5060288220021
WSC Real: 2008 Collector's Tin + Cue,7.00,11.00,20.00,4.00,35.0%,55.0%,Wii Games,795,"Gaming Software, Wii",Out of Stock,5060173290009,https://au.webuy.com/sell/product-detail?id=5060173290009
House Of The Dead 2-3 & Gun Pack,7.00,11.00,20.00,4.00,35.0%,55.0%,Wii Games,795,"Gaming Software, Wii",Out of Stock,5060138438842,https://au.webuy.com/sell/product-detail?id=5060138438842
Nights: Journey Of Dreams,9.00,15.00,28.00,6.00,32.1%,53.6%,Wii Games,795,"Gaming Software, Wii",Store & Online,5060138434417,https://au.webuy.com/sell/product-detail?id=5060138434417
"Boy & His Blob, A",12.00,19.00,35.00,7.00,34.3%,54.3%,Wii Games,795,"Gaming Software, Wii",Store & Online,5060136651090,https://au.webuy.com/sell/product-detail?id=5060136651090
Goosebumps:Horrorland,7.00,11.00,20.00,4.00,35.0%,55.0%,Wii Games,795,"Gaming Software, Wii",Out of Stock,5060136651014,https://au.webuy.com/sell/product-detail?id=5060136651014
Blast Works,7.00,12.00,22.00,5.00,31.8%,54.5%,Wii Games,795,"Gaming Software, Wii",Store & Online,5060136650413,https://au.webuy.com/sell/product-detail?id=5060136650413
Family Party Winter Fun,7.00,11.00,20.00,4.00,35.0%,55.0%,Wii Games,795,"Gaming Software, Wii",Out of Stock,5060125485033,https://au.webuy.com/sell/product-detail?id=5060125485033
"Onechanbara, Bikini Zombie Slayers (15)",14.00,22.00,40.00,8.00,35.0%,55.0%,Wii Games,795,"Gaming Software, Wii",Store & Online,5060125482964,https://au.webuy.com/sell/product-detail?id=5060125482964
Final Fantasy Crystal Chronicles: Echoes of Time,15.00,24.00,45.00,9.00,33.3%,53.3%,Wii Games,795,"Gaming Software, Wii",Store & Online,5060121824751,https://au.webuy.com/sell/product-detail?id=5060121824751
Final Fantasy Crystal Chronicles Echoes,10.00,16.00,30.00,6.00,33.3%,53.3%,Wii Games,795,"Gaming Software, Wii",Out of Stock,5060121824706,https://au.webuy.com/sell/product-detail?id=5060121824706
Final Fantasy Fables: Chocobo's Dungeon,12.00,19.00,35.00,7.00,34.3%,54.3%,Wii Games,795,"Gaming Software, Wii",Out of Stock,5060121823846,https://au.webuy.com/sell/product-detail?id=5060121823846
Free Running,8.00,13.00,25.00,5.00,32.0%,52.0%,Wii Games,795,"Gaming Software, Wii",Out of Stock,5060112430381,https://au.webuy.com/sell/product-detail?id=5060112430381
Bit Trip Complete,14.00,22.00,40.00,8.00,35.0%,55.0%,Wii Games,795,"Gaming Software, Wii",Out of Stock,5060102953043,https://au.webuy.com/sell/product-detail?id=5060102953043
Eldar Saga,8.00,13.00,25.00,5.00,32.0%,52.0%,Wii Games,795,"Gaming Software, Wii",Out of Stock,5060102952077,https://au.webuy.com/sell/product-detail?id=5060102952077
Samurai Shodown Anthology,7.00,11.00,20.00,4.00,35.0%,55.0%,Wii Games,795,"Gaming Software, Wii",Out of Stock,5060050947545,https://au.webuy.com/sell/product-detail?id=5060050947545
King of Fighters Collection Orochi Saga,7.00,11.00,20.00,4.00,35.0%,55.0%,Wii Games,795,"Gaming Software, Wii",Out of Stock,5060050947323,https://au.webuy.com/sell/product-detail?id=5060050947323
SNK Arcade Classics Vol 1,8.00,13.00,25.00,5.00,32.0%,52.0%,Wii Games,795,"Gaming Software, Wii",Out of Stock,5060050946692,https://au.webuy.com/sell/product-detail?id=5060050946692
Metal Slug Anthology,14.00,22.00,40.00,8.00,35.0%,55.0%,Wii Games,795,"Gaming Software, Wii",Store & Online,5060050945343,https://au.webuy.com/sell/product-detail?id=5060050945343
Challenge Me: Brain Puzzles 2,7.00,11.00,20.00,4.00,35.0%,55.0%,Wii Games,795,"Gaming Software, Wii",Out of Stock,5060015539419,https://au.webuy.com/sell/product-detail?id=5060015539419
Country Dance 2,7.00,11.00,20.00,4.00,35.0%,55.0%,Wii Games,795,"Gaming Software, Wii",Out of Stock,5055377601768,https://au.webuy.com/sell/product-detail?id=5055377601768
Junior League Sports,7.00,11.00,20.00,4.00,35.0%,55.0%,Wii Games,795,"Gaming Software, Wii",Out of Stock,5055377601508,https://au.webuy.com/sell/product-detail?id=5055377601508
Pheasants Forever,8.00,13.00,25.00,5.00,32.0%,52.0%,Wii Games,795,"Gaming Software, Wii",Out of Stock,5055377601300,https://au.webuy.com/sell/product-detail?id=5055377601300
Reel Fishing - Anglers Dream Combo Pack,7.00,11.00,20.00,4.00,35.0%,55.0%,Wii Games,795,"Gaming Software, Wii",Out of Stock,5055377601171,https://au.webuy.com/sell/product-detail?id=5055377601171
Gunblade NY and LA Machineguns Arcade,14.00,22.00,40.00,8.00,35.0%,55.0%,Wii Games,795,"Gaming Software, Wii",Store & Online,5055277007493,https://au.webuy.com/sell/product-detail?id=5055277007493
Welcome to Violence,15.00,24.00,45.00,9.00,33.3%,53.3%,Wii Games,795,"Gaming Software, Wii",Out of Stock,5055277005604,https://au.webuy.com/sell/product-detail?id=5055277005604
Skyscraper,10.00,16.00,30.00,6.00,33.3%,53.3%,Wii Games,795,"Gaming Software, Wii",Out of Stock,5036675009593,https://au.webuy.com/sell/product-detail?id=5036675009593
Beatles Rock Band - Value Edition,8.00,13.00,25.00,5.00,32.0%,52.0%,Wii Games,795,"Gaming Software, Wii",Out of Stock,5030935080476,https://au.webuy.com/sell/product-detail?id=5030935080476
Beatles Rock Band Premium Ed. Bundle,14.00,22.00,40.00,8.00,35.0%,55.0%,Wii Games,795,"Gaming Software, Wii",Out of Stock,5030935078954,https://au.webuy.com/sell/product-detail?id=5030935078954
Rango,8.00,13.00,25.00,5.00,32.0%,52.0%,Wii Games,795,"Gaming Software, Wii",Store & Online,5030930101138,https://au.webuy.com/sell/product-detail?id=5030930101138
Tiger Woods PGA Tour 10 + Wii MotionPlus,8.00,13.00,25.00,5.00,32.0%,52.0%,Wii Games,795,"Gaming Software, Wii",Out of Stock,5030930077785,https://au.webuy.com/sell/product-detail?id=5030930077785
Angry Birds Trilogy,7.00,12.00,22.00,5.00,31.8%,54.5%,Wii Games,795,"Gaming Software, Wii",Out of Stock,5030917130403,https://au.webuy.com/sell/product-detail?id=5030917130403
Men In Black Alien Crisis,7.00,11.00,20.00,4.00,35.0%,55.0%,Wii Games,795,"Gaming Software, Wii",Out of Stock,5030917107313,https://au.webuy.com/sell/product-detail?id=5030917107313
Battleship,7.00,11.00,20.00,4.00,35.0%,55.0%,Wii Games,795,"Gaming Software, Wii",Out of Stock,5030917106873,https://au.webuy.com/sell/product-detail?id=5030917106873
DreamWorks Super Star Kartz,7.00,11.00,20.00,4.00,35.0%,55.0%,Wii Games,795,"Gaming Software, Wii",Out of Stock,5030917100444,https://au.webuy.com/sell/product-detail?id=5030917100444
Cabela's Survival: Shadows of Katmai,8.00,13.00,25.00,5.00,32.0%,52.0%,Wii Games,795,"Gaming Software, Wii",Out of Stock,5030917100277,https://au.webuy.com/sell/product-detail?id=5030917100277
Cabela's Survival Shadows Of... w/Gun,7.00,11.00,20.00,4.00,35.0%,55.0%,Wii Games,795,"Gaming Software, Wii",Out of Stock,5030917100260,https://au.webuy.com/sell/product-detail?id=5030917100260
Spider-Man: Edge of Time,12.00,19.00,35.00,7.00,34.3%,54.3%,Wii Games,795,"Gaming Software, Wii",Store & Online,5030917099731,https://au.webuy.com/sell/product-detail?id=5030917099731
Cabela's Dangerous Hunts 2011 +TSE Gun,14.00,22.00,40.00,8.00,35.0%,55.0%,Wii Games,795,"Gaming Software, Wii",Store & Online,5030917094132,https://au.webuy.com/sell/product-detail?id=5030917094132
Monster Jam: Path of Destruction,10.00,16.00,30.00,6.00,33.3%,53.3%,Wii Games,795,"Gaming Software, Wii",Out of Stock,5030917094101,https://au.webuy.com/sell/product-detail?id=5030917094101
Rapala Pro Bass Fishing + Rod,8.00,13.00,25.00,5.00,32.0%,52.0%,Wii Games,795,"Gaming Software, Wii",Store & Online,5030917091117,https://au.webuy.com/sell/product-detail?id=5030917091117
Guitar Hero: Warriors Of Rock + Guitar,12.00,19.00,35.00,7.00,34.3%,54.3%,Wii Games,795,"Gaming Software, Wii",Out of Stock,5030917087752,https://au.webuy.com/sell/product-detail?id=5030917087752
Tony Hawk Shred + Board Bundle,8.00,13.00,25.00,5.00,32.0%,52.0%,Wii Games,795,"Gaming Software, Wii",Out of Stock,5030917086861,https://au.webuy.com/sell/product-detail?id=5030917086861
Guitar Hero 5 - Super Bundle,10.00,16.00,30.00,6.00,33.3%,53.3%,Wii Games,795,"Gaming Software, Wii",Out of Stock,5030917083082,https://au.webuy.com/sell/product-detail?id=5030917083082
Madagascar Kartz (With Wheel),7.00,11.00,20.00,4.00,35.0%,55.0%,Wii Games,795,"Gaming Software, Wii",Out of Stock,5030917076800,https://au.webuy.com/sell/product-detail?id=5030917076800
Arcade Zone,7.00,11.00,20.00,4.00,35.0%,55.0%,Wii Games,795,"Gaming Software, Wii",Out of Stock,5030917073854,https://au.webuy.com/sell/product-detail?id=5030917073854
Guitar Hero 5 (with Guitar),14.00,22.00,40.00,8.00,35.0%,55.0%,Wii Games,795,"Gaming Software, Wii",Store & Online,5030917072376,https://au.webuy.com/sell/product-detail?id=5030917072376
Guitar Hero Metallica Sp.ED. + T-Shirt,7.00,11.00,20.00,4.00,35.0%,55.0%,Wii Games,795,"Gaming Software, Wii",Out of Stock,5030917069253,https://au.webuy.com/sell/product-detail?id=5030917069253
Monster Jam: Urban Assault,8.00,13.00,25.00,5.00,32.0%,52.0%,Wii Games,795,"Gaming Software, Wii",Out of Stock,5030917060700,https://au.webuy.com/sell/product-detail?id=5030917060700
Spider-Man: Web Of Shadows,12.00,19.00,35.00,7.00,34.3%,54.3%,Wii Games,795,"Gaming Software, Wii",Store & Online,5030917058165,https://au.webuy.com/sell/product-detail?id=5030917058165
Guitar Hero Aerosmith (With Wireless Gui,7.00,11.00,20.00,4.00,35.0%,55.0%,Wii Games,795,"Gaming Software, Wii",Out of Stock,5030917055430,https://au.webuy.com/sell/product-detail?id=5030917055430
NHL 2K9,7.00,11.00,20.00,4.00,35.0%,55.0%,Wii Games,795,"Gaming Software, Wii",Out of Stock,5026555043076,https://au.webuy.com/sell/product-detail?id=5026555043076
Jewel Quest Trilogy,7.00,11.00,20.00,4.00,35.0%,55.0%,Wii Games,795,"Gaming Software, Wii",Out of Stock,5016488123808,https://au.webuy.com/sell/product-detail?id=5016488123808
Guilty Gear XX Accent Plus,7.00,11.00,20.00,4.00,35.0%,55.0%,Wii Games,795,"Gaming Software, Wii",Out of Stock,4510772105194,https://au.webuy.com/sell/product-detail?id=4510772105194
Summerstars 2012,7.00,11.00,20.00,4.00,35.0%,55.0%,Wii Games,795,"Gaming Software, Wii",Out of Stock,4020628510060,https://au.webuy.com/sell/product-detail?id=4020628510060
Titanic Mystery,7.00,12.00,22.00,5.00,31.8%,54.5%,Wii Games,795,"Gaming Software, Wii",Out of Stock,4017404019008,https://au.webuy.com/sell/product-detail?id=4017404019008
Dance Dance Revolution - Hottest Party 5,14.00,23.00,42.00,9.00,33.3%,54.8%,Wii Games,795,"Gaming Software, Wii",Out of Stock,4012927095614,https://au.webuy.com/sell/product-detail?id=4012927095614
Karaoke Revolution Glee Vol.3 + Mic,7.00,9.00,25.00,2.00,28.0%,36.0%,Wii Games,795,"Gaming Software, Wii",Out of Stock,4012927095560,https://au.webuy.com/sell/product-detail?id=4012927095560
Dance Dance Revolution Hottest Party 4,7.00,12.00,22.00,5.00,31.8%,54.5%,Wii Games,795,"Wii, Gaming Software",Out of Stock,4012927094761,https://au.webuy.com/sell/product-detail?id=4012927094761
Gormiti,7.00,11.00,20.00,4.00,35.0%,55.0%,Wii Games,795,"Gaming Software, Wii",Out of Stock,4012927093436,https://au.webuy.com/sell/product-detail?id=4012927093436
Step To The Beat,8.00,13.00,25.00,5.00,32.0%,52.0%,Wii Games,795,"Gaming Software, Wii",Out of Stock,4012927093085,https://au.webuy.com/sell/product-detail?id=4012927093085
GTI Club Supermini Fiesta,7.00,11.00,20.00,4.00,35.0%,55.0%,Wii Games,795,"Gaming Software, Wii",Out of Stock,4012927093047,https://au.webuy.com/sell/product-detail?id=4012927093047
Dance Dance Rev.. Hottest Party 3 + Mat,7.00,11.00,20.00,4.00,35.0%,55.0%,Wii Games,795,"Gaming Software, Wii",Out of Stock,4012927092972,https://au.webuy.com/sell/product-detail?id=4012927092972
Yu-Gi-Oh! 5D's Master of the Cards,12.00,19.00,35.00,7.00,34.3%,54.3%,Wii Games,795,"Gaming Software, Wii",Out of Stock,4012927092637,https://au.webuy.com/sell/product-detail?id=4012927092637
Let's Party + Mat,7.00,11.00,20.00,4.00,35.0%,55.0%,Wii Games,795,"Gaming Software, Wii",Out of Stock,4012927092255,https://au.webuy.com/sell/product-detail?id=4012927092255
Karaoke Revolution + Mic,7.00,12.00,22.00,5.00,31.8%,54.5%,Wii Games,795,"Gaming Software, Wii",Store & Online,4012927092170,https://au.webuy.com/sell/product-detail?id=4012927092170
Dance Dance Rev..Hottest Party 2 + Mat,12.00,19.00,35.00,7.00,34.3%,54.3%,Wii Games,795,"Gaming Software, Wii",Out of Stock,4012927091722,https://au.webuy.com/sell/product-detail?id=4012927091722
Castlevania Judgement,10.00,16.00,30.00,6.00,33.3%,53.3%,Wii Games,795,"Gaming Software, Wii",Store & Online,4012927091265,https://au.webuy.com/sell/product-detail?id=4012927091265
Cars - Mater National Championship,7.00,11.00,20.00,4.00,35.0%,55.0%,Wii Games,795,"Gaming Software, Wii",Store & Online,4005209094221,https://au.webuy.com/sell/product-detail?id=4005209094221
"Case Closed, One Truth Prevails",12.00,19.00,35.00,7.00,34.3%,54.3%,Wii Games,795,"Gaming Software, Wii",Out of Stock,3760137144981,https://au.webuy.com/sell/product-detail?id=3760137144981
Haunted House,7.00,11.00,20.00,4.00,35.0%,55.0%,Wii Games,795,"Gaming Software, Wii",Out of Stock,3546430150405,https://au.webuy.com/sell/product-detail?id=3546430150405
Freddy Fish - Case Of The Missing Kelp,7.00,11.00,20.00,4.00,35.0%,55.0%,Wii Games,795,"Gaming Software, Wii",Store & Online,3546430138687,https://au.webuy.com/sell/product-detail?id=3546430138687
Namco Museum Remix,10.00,16.00,30.00,6.00,33.3%,53.3%,Wii Games,795,"Gaming Software, Wii",Store & Online,3546430137093,https://au.webuy.com/sell/product-detail?id=3546430137093
Marvel Super Heroes 3D - Grandmaster Ch,7.00,11.00,20.00,4.00,35.0%,55.0%,Wii Games,795,"Gaming Software, Wii",Out of Stock,3499550286618,https://au.webuy.com/sell/product-detail?id=3499550286618
Cocoto Festival (with gun),7.00,11.00,20.00,4.00,35.0%,55.0%,Wii Games,795,"Gaming Software, Wii",Out of Stock,3499550269352,https://au.webuy.com/sell/product-detail?id=3499550269352
Hunting Challenge + Ball Trap,7.00,11.00,20.00,4.00,35.0%,55.0%,Wii Games,795,"Gaming Software, Wii",Out of Stock,3499550261042,https://au.webuy.com/sell/product-detail?id=3499550261042
"Hello Kitty, Seasons",10.00,16.00,30.00,6.00,33.3%,53.3%,Wii Games,795,"Gaming Software, Wii",Out of Stock,3391891954204,https://au.webuy.com/sell/product-detail?id=3391891954204
Rabbids Party Collection,7.00,11.00,20.00,4.00,35.0%,55.0%,Wii Games,795,"Gaming Software, Wii",Out of Stock,3307212815222,https://au.webuy.com/sell/product-detail?id=3307212815222
Tales Of Symphonia Dawn Of The New World,14.00,22.00,40.00,8.00,35.0%,55.0%,Wii Games,795,"Gaming Software, Wii",Store & Online,3296580810192,https://au.webuy.com/sell/product-detail?id=3296580810192
Cabela's Dangerous Hunts 2013,7.00,11.00,20.00,4.00,35.0%,55.0%,Wii Games,795,"Gaming Software, Wii",Out of Stock,047875769601,https://au.webuy.com/sell/product-detail?id=047875769601
Flingsmash (Game Only),7.00,11.00,25.00,4.00,28.0%,44.0%,Wii Games,795,"Gaming Software, Wii",Out of Stock,045496902FSNM,https://au.webuy.com/sell/product-detail?id=045496902FSNM
Flingsmash with Wii Remote Plus,7.00,11.00,20.00,4.00,35.0%,55.0%,Wii Games,795,"Gaming Software, Wii",Out of Stock,045496902018,https://au.webuy.com/sell/product-detail?id=045496902018
Wii Party (Game Only) Card Sleeve,12.00,19.00,35.00,7.00,34.3%,54.3%,Wii Games,795,"Gaming Software, Wii",Out of Stock,045496901CRD,https://au.webuy.com/sell/product-detail?id=045496901CRD
Wii Sports/Sports Resort (Cardboard Sleeve),8.00,13.00,25.00,5.00,32.0%,52.0%,Wii Games,795,"Gaming Software, Wii",Out of Stock,04549636WSSR,https://au.webuy.com/sell/product-detail?id=04549636WSSR
Naruto Shippuden Clash Of Ninja Revolution 3,7.00,12.00,22.00,5.00,31.8%,54.5%,Wii Games,795,"Gaming Software, Wii",Store & Online,045496368708,https://au.webuy.com/sell/product-detail?id=045496368708
Wii Sports Resort (Cardboard Sleeve),14.00,22.00,40.00,8.00,35.0%,55.0%,Wii Games,795,"Gaming Software, Wii",Out of Stock,045496367CAR,https://au.webuy.com/sell/product-detail?id=045496367CAR
Naruto: Clash Of Ninja Revolution 2,10.00,16.00,30.00,6.00,33.3%,53.3%,Wii Games,795,"Gaming Software, Wii",Out of Stock,045496366704,https://au.webuy.com/sell/product-detail?id=045496366704
Trauma Center - Second Opinion,8.00,11.00,30.00,3.00,26.7%,36.7%,Wii Games,795,"Gaming Software, Wii",Store & Online,045496362997,https://au.webuy.com/sell/product-detail?id=045496362997
Kororinpa,7.00,11.00,20.00,4.00,35.0%,55.0%,Wii Games,795,"Gaming Software, Wii",Store & Online,045496362676,https://au.webuy.com/sell/product-detail?id=045496362676
Wii Sport+Sports Resort (Normal Case),16.00,26.00,48.00,10.00,33.3%,54.2%,Wii Games,795,"Gaming Software, Wii",Store & Online,018113990101,https://au.webuy.com/sell/product-detail?id=018113990101
Mario Party 8,16.00,26.00,48.00,10.00,33.3%,54.2%,Wii Games,795,"Gaming Software, Wii",Store & Online,045496900045,https://au.webuy.com/sell/product-detail?id=045496900045
Michael Jackson: The Experience,17.00,27.00,50.00,10.00,34.0%,54.0%,Wii Games,795,"Gaming Software, Wii",Store & Online,3307219902741,https://au.webuy.com/sell/product-detail?id=3307219902741
Mario Party 9,24.00,38.00,70.00,14.00,34.3%,54.3%,Wii Games,795,"Gaming Software, Wii",Store & Online,045496401450,https://au.webuy.com/sell/product-detail?id=045496401450
Skylanders: Spyro's Adventure Starter Pack,21.00,33.00,60.00,12.00,35.0%,55.0%,Wii Games,795,"Gaming Software, Wii",Out of Stock,5030917097966,https://au.webuy.com/sell/product-detail?id=5030917097966
Resident Evil: Darkside Chronicles (15),26.00,41.00,75.00,15.00,34.7%,54.7%,Wii Games,795,"Gaming Software, Wii",Store & Online,5055060951811,https://au.webuy.com/sell/product-detail?id=5055060951811
Pokepark - Pikachu's Adventure,28.00,44.00,80.00,16.00,35.0%,55.0%,Wii Games,795,"Gaming Software, Wii",Store & Online,045496901950,https://au.webuy.com/sell/product-detail?id=045496901950
Xenoblade Chronicles,18.00,25.00,65.00,7.00,27.7%,38.5%,Wii Games,795,"Gaming Software, Wii",Store & Online,045496400231,https://au.webuy.com/sell/product-detail?id=045496400231
Kirby's Adventure,26.00,41.00,75.00,15.00,34.7%,54.7%,Wii Games,795,"Gaming Software, Wii",Store & Online,045496400811,https://au.webuy.com/sell/product-detail?id=045496400811
Obscure 2,22.00,35.00,65.00,13.00,33.8%,53.8%,Wii Games,795,"Gaming Software, Wii",Store & Online,8717545401897,https://au.webuy.com/sell/product-detail?id=8717545401897
Wii Sports Resort + MotionPlus,21.00,33.00,60.00,12.00,35.0%,55.0%,Wii Games,795,"Gaming Software, Wii",Store & Online,045496901509,https://au.webuy.com/sell/product-detail?id=045496901509
Kirby's Epic Yarn,21.00,33.00,60.00,12.00,35.0%,55.0%,Wii Games,795,"Gaming Software, Wii",Store & Online,045496901998,https://au.webuy.com/sell/product-detail?id=045496901998
Resident Evil - Umbrella Chronicles,17.00,27.00,50.00,10.00,34.0%,54.0%,Wii Games,795,"Gaming Software, Wii",Store & Online,045496364168,https://au.webuy.com/sell/product-detail?id=045496364168
Just Dance 2020,17.00,27.00,50.00,10.00,34.0%,54.0%,Wii Games,795,"Gaming Software, Wii",Store & Online,3307216125389,https://au.webuy.com/sell/product-detail?id=3307216125389
Tatsunoko Vs Capcom: Ultimate All Stars,22.00,35.00,65.00,13.00,33.8%,53.8%,Wii Games,795,"Gaming Software, Wii",Store & Online,5055060952061,https://au.webuy.com/sell/product-detail?id=5055060952061
"Animal Crossing, Let's Go To The City (w/ Wii Speak)",21.00,33.00,60.00,12.00,35.0%,55.0%,Wii Games,795,"Gaming Software, Wii",Store & Online,045496901370,https://au.webuy.com/sell/product-detail?id=045496901370
Skylanders SuperChargers Racing Starter Pack,17.00,27.00,50.00,10.00,34.0%,54.0%,Wii Games,795,"Gaming Software, Wii",Store & Online,5030917173509S,https://au.webuy.com/sell/product-detail?id=5030917173509S
Resident Evil,17.00,27.00,50.00,10.00,34.0%,54.0%,Wii Games,795,"Gaming Software, Wii",Store & Online,5055060951651,https://au.webuy.com/sell/product-detail?id=5055060951651
Rock Band: Green Day,22.00,35.00,65.00,13.00,33.8%,53.8%,Wii Games,795,"Gaming Software, Wii",Store & Online,5030930091712,https://au.webuy.com/sell/product-detail?id=5030930091712
Godzilla Unleased,24.00,38.00,70.00,14.00,34.3%,54.3%,Wii Games,795,"Gaming Software, Wii",Store & Online,3546430129425,https://au.webuy.com/sell/product-detail?id=3546430129425
One Piece Unlimited Cruise Pt. 2,22.00,35.00,65.00,13.00,33.8%,53.8%,Wii Games,795,"Gaming Software, Wii",Store & Online,3296580810314,https://au.webuy.com/sell/product-detail?id=3296580810314
We Sing + 2 Logitech Mics & USB Hub,21.00,33.00,60.00,12.00,35.0%,55.0%,Wii Games,795,"Gaming Software, Wii",Store & Online,7340044300449,https://au.webuy.com/sell/product-detail?id=7340044300449
Mad Dog McCree Gunslinger Pack,17.00,27.00,50.00,10.00,34.0%,54.0%,Wii Games,795,"Gaming Software, Wii",Store & Online,5060136650987,https://au.webuy.com/sell/product-detail?id=5060136650987
Ju-On The Grudge,21.00,33.00,60.00,12.00,35.0%,55.0%,Wii Games,795,"Gaming Software, Wii",Out of Stock,5060102952183,https://au.webuy.com/sell/product-detail?id=5060102952183
Bomberman Land,17.00,27.00,50.00,10.00,34.0%,54.0%,Wii Games,795,"Gaming Software, Wii",Out of Stock,5060102950561,https://au.webuy.com/sell/product-detail?id=5060102950561
Skylanders Swap Force Dark Edition Pack,31.00,49.00,90.00,18.00,34.4%,54.4%,Wii Games,795,"Gaming Software, Wii",Out of Stock,5030917129933,https://au.webuy.com/sell/product-detail?id=5030917129933
Calling,28.00,44.00,80.00,16.00,35.0%,55.0%,Wii Games,795,"Gaming Software, Wii",Out of Stock,4012927092828,https://au.webuy.com/sell/product-detail?id=4012927092828
Klonoa,21.00,33.00,60.00,12.00,35.0%,55.0%,Wii Games,795,"Gaming Software, Wii",Out of Stock,3296580807000,https://au.webuy.com/sell/product-detail?id=3296580807000
Endless Ocean 2,17.00,27.00,50.00,10.00,34.0%,54.0%,Wii Games,795,"Gaming Software, Wii",Store & Online,045496901837,https://au.webuy.com/sell/product-detail?id=045496901837
Rune Factory Frontier,17.00,27.00,50.00,10.00,34.0%,54.0%,Wii Games,795,"Gaming Software, Wii",Out of Stock,5060102951599,https://au.webuy.com/sell/product-detail?id=5060102951599
Skylanders Giants Starter Pack,17.00,27.00,50.00,10.00,34.0%,54.0%,Wii Games,795,"Gaming Software, Wii",Store & Online,5030917108655,https://au.webuy.com/sell/product-detail?id=5030917108655
Pokemon Battle Revolution,19.00,31.00,70.00,12.00,27.1%,44.3%,Wii Games,795,"Gaming Software, Wii",Store & Online,045496900168,https://au.webuy.com/sell/product-detail?id=045496900168
Skylanders SuperChargers Racing Dark Edition Starter Pack,17.00,27.00,50.00,10.00,34.0%,54.0%,Wii Games,795,"Gaming Software, Wii",Out of Stock,5030917173509,https://au.webuy.com/sell/product-detail?id=5030917173509
Remington SuperSlam Hunting Africa (w/ Gun),19.00,30.00,55.00,11.00,34.5%,54.5%,Wii Games,795,"Gaming Software, Wii",Store & Online,9338176008713,https://au.webuy.com/sell/product-detail?id=9338176008713
Monster High: 13 Wishes,24.00,38.00,70.00,14.00,34.3%,54.3%,Wii Games,795,"Gaming Software, Wii",Store & Online,8154030101656,https://au.webuy.com/sell/product-detail?id=8154030101656
Coraline,28.00,44.00,80.00,16.00,35.0%,55.0%,Wii Games,795,"Gaming Software, Wii",Out of Stock,5060125483374,https://au.webuy.com/sell/product-detail?id=5060125483374
Final Fantasy Tales: Chocobo's Dungeon,17.00,27.00,50.00,10.00,34.0%,54.0%,Wii Games,795,"Gaming Software, Wii",Out of Stock,5060121823808,https://au.webuy.com/sell/product-detail?id=5060121823808
Ivy the Kiwi,31.00,49.00,90.00,18.00,34.4%,54.4%,Wii Games,795,"Gaming Software, Wii",Out of Stock,5060102952442,https://au.webuy.com/sell/product-detail?id=5060102952442
Baroque,21.00,33.00,60.00,12.00,35.0%,55.0%,Wii Games,795,"Gaming Software, Wii",Out of Stock,5060102951094,https://au.webuy.com/sell/product-detail?id=5060102951094
Opoona,31.00,49.00,90.00,18.00,34.4%,54.4%,Wii Games,795,"Gaming Software, Wii",Out of Stock,5060073304998,https://au.webuy.com/sell/product-detail?id=5060073304998
RockBand 3 + Wireless Pro Keyboard w/Dongle,28.00,44.00,80.00,16.00,35.0%,55.0%,Wii Games,795,"Gaming Software, Wii",Out of Stock,503093009WRBG,https://au.webuy.com/sell/product-detail?id=503093009WRBG
Rock Band 2 (Game Only),21.00,33.00,60.00,12.00,35.0%,55.0%,Wii Games,795,"Gaming Software, Wii",Out of Stock,5030930068677,https://au.webuy.com/sell/product-detail?id=5030930068677
Skylanders Trap Team Dark Edition Starter Pack,26.00,41.00,75.00,15.00,34.7%,54.7%,Wii Games,795,"Gaming Software, Wii",Out of Stock,5030917151477,https://au.webuy.com/sell/product-detail?id=5030917151477
Guitar Hero: Warriors Of Rock Band Pack,26.00,41.00,75.00,15.00,34.7%,54.7%,Wii Games,795,"Gaming Software, Wii",Out of Stock,5030917087691,https://au.webuy.com/sell/product-detail?id=5030917087691
Guitar Hero Metallica (With Guitar),21.00,33.00,60.00,12.00,35.0%,55.0%,Wii Games,795,"Gaming Software, Wii",Out of Stock,5030917068386,https://au.webuy.com/sell/product-detail?id=5030917068386
Guitar Hero World Tour - Band Bundle,31.00,49.00,90.00,18.00,34.4%,54.4%,Wii Games,795,"Gaming Software, Wii",Out of Stock,5030917061745,https://au.webuy.com/sell/product-detail?id=5030917061745
Guitar Hero 3 (With Wireless Guitar),19.00,30.00,55.00,11.00,34.5%,54.5%,Wii Games,795,"Gaming Software, Wii",Out of Stock,5030917048876,https://au.webuy.com/sell/product-detail?id=5030917048876
Back to the Future: The Game,17.00,27.00,50.00,10.00,34.0%,54.0%,Wii Games,795,"Gaming Software, Wii",Out of Stock,4020628510558,https://au.webuy.com/sell/product-detail?id=4020628510558
One Piece Unlimited Cruise,17.00,27.00,50.00,10.00,34.0%,54.0%,Wii Games,795,"Gaming Software, Wii",Out of Stock,3296580807604,https://au.webuy.com/sell/product-detail?id=3296580807604
Sin & Punishment: Successor Of The Skies,29.00,46.00,85.00,17.00,34.1%,54.1%,Wii Games,795,"Gaming Software, Wii",Out of Stock,045496901820,https://au.webuy.com/sell/product-detail?id=045496901820
Boom Street,21.00,33.00,60.00,12.00,35.0%,55.0%,Wii Games,795,"Gaming Software, Wii",Store & Online,045496401030,https://au.webuy.com/sell/product-detail?id=045496401030
Beat The Beat: Rhythm Paradise,35.00,55.00,100.00,20.00,35.0%,55.0%,Wii Games,795,"Gaming Software, Wii",Out of Stock,045496400880,https://au.webuy.com/sell/product-detail?id=045496400880
Wii Party + Wii Remote,28.00,44.00,80.00,16.00,35.0%,55.0%,Wii Games,795,"Gaming Software, Wii",Out of Stock,045496369255,https://au.webuy.com/sell/product-detail?id=045496369255
Guitar Hero World Tour (With Guitar),49.00,77.00,140.00,28.00,35.0%,55.0%,Wii Games,795,"Gaming Software, Wii",Store & Online,SWIIGUI002,https://au.webuy.com/sell/product-detail?id=SWIIGUI002
Legend of Zelda: Skyward Sword Limited Ed. w/Gold Wii Remote Plus & CD,52.00,82.00,150.00,30.00,34.7%,54.7%,Wii Games,795,"Gaming Software, Wii",Store & Online,018113990057,https://au.webuy.com/sell/product-detail?id=018113990057
"Shadow's Tale, A",47.00,61.00,95.00,14.00,49.5%,64.2%,Wii Games,795,"Gaming Software, Wii",Out of Stock,4012927093214,https://au.webuy.com/sell/product-detail?id=4012927093214
Skylanders Trap Team Starter Pack,52.00,82.00,150.00,30.00,34.7%,54.7%,Wii Games,795,"Gaming Software, Wii",Store & Online,5030917143816,https://au.webuy.com/sell/product-detail?id=5030917143816
"Wii White (No Game), Unboxed",36.00,57.00,105.00,21.00,34.3%,54.3%,Wii Consoles,796,"Wii, Gaming Consoles",Store & Online,SWIIWIIE003,https://au.webuy.com/sell/product-detail?id=SWIIWIIE003
"Wii V2 Black (No Game), Boxed",52.00,82.00,150.00,30.00,34.7%,54.7%,Wii Consoles,796,"Wii, Gaming Consoles",Store & Online,SWIIWIIBLAC11001,https://au.webuy.com/sell/product-detail?id=SWIIWIIBLAC11001
"Wii Black (No Game), Boxed",59.00,93.00,170.00,34.00,34.7%,54.7%,Wii Consoles,796,"Wii, Gaming Consoles",Store & Online,SWIIWIIBLK001,https://au.webuy.com/sell/product-detail?id=SWIIWIIBLK001
"Wii Red + WiimotePlus (No Game), Boxed",91.00,143.00,260.00,52.00,35.0%,55.0%,Wii Consoles,796,"Wii, Gaming Consoles",Store & Online,SWIIWIIREDRMP003,https://au.webuy.com/sell/product-detail?id=SWIIWIIREDRMP003
"Wii White (No Game), Discounted",31.00,49.00,90.00,18.00,34.4%,54.4%,Wii Consoles,796,"Wii, Gaming Consoles",Store & Online,SWIIWIIE005,https://au.webuy.com/sell/product-detail?id=SWIIWIIE005
"Wii Black + WiimotePlus (No Game), Unboxed",47.00,74.00,135.00,27.00,34.8%,54.8%,Wii Consoles,796,"Wii, Gaming Consoles",Store & Online,SWIIWIIBLKRMP003,https://au.webuy.com/sell/product-detail?id=SWIIWIIBLKRMP003
"Wii Black (No Game), Discounted",38.00,60.00,110.00,22.00,34.5%,54.5%,Wii Consoles,796,"Wii, Gaming Consoles",Store & Online,SWIIWIIBLK002,https://au.webuy.com/sell/product-detail?id=SWIIWIIBLK002
"Wii Black (No Game), Unboxed",43.00,68.00,125.00,25.00,34.4%,54.4%,Wii Consoles,796,"Wii, Gaming Consoles",Store & Online,SWIIWIIBLK003,https://au.webuy.com/sell/product-detail?id=SWIIWIIBLK003
"Wii V2 White (No Game), Unboxed",42.00,66.00,120.00,24.00,35.0%,55.0%,Wii Consoles,796,"Wii, Gaming Consoles",Store & Online,SWIIWIIWHIT11002,https://au.webuy.com/sell/product-detail?id=SWIIWIIWHIT11002
"Wii Black + WiimotePlus (No Game), Discounted",42.00,66.00,120.00,24.00,35.0%,55.0%,Wii Consoles,796,"Wii, Gaming Consoles",Store & Online,SWIIWIIBLKRMP002,https://au.webuy.com/sell/product-detail?id=SWIIWIIBLKRMP002
"Wii White + WiimotePlus (No Game), Discounted",52.00,82.00,150.00,30.00,34.7%,54.7%,Wii Consoles,796,"Wii, Gaming Consoles",Store & Online,SWIIWIIWHIRMP002,https://au.webuy.com/sell/product-detail?id=SWIIWIIWHIRMP002
"Wii V2 Black (No Game), Discounted",35.00,55.00,100.00,20.00,35.0%,55.0%,Wii Consoles,796,"Wii, Gaming Consoles",Store & Online,SWIIWIIBLAC11003,https://au.webuy.com/sell/product-detail?id=SWIIWIIBLAC11003
"Wii V2 Black (No Game), Unboxed",38.00,60.00,110.00,22.00,34.5%,54.5%,Wii Consoles,796,"Wii, Gaming Consoles",Store & Online,SWIIWIIBLAC1101B,https://au.webuy.com/sell/product-detail?id=SWIIWIIBLAC1101B
"Wii White + WiimotePlus (No Game), Unboxed",59.00,93.00,170.00,34.00,34.7%,54.7%,Wii Consoles,796,"Wii, Gaming Consoles",Store & Online,SWIIWIIWHIRMP003,https://au.webuy.com/sell/product-detail?id=SWIIWIIWHIRMP003
"Wii Red + WiimotePlus (No Game), Unboxed",64.00,101.00,185.00,37.00,34.6%,54.6%,Wii Consoles,796,"Wii, Gaming Consoles",Store & Online,SWIIWIIREDRMP005,https://au.webuy.com/sell/product-detail?id=SWIIWIIREDRMP005
"Wii V2 Blue (No Game), Discounted",52.00,82.00,150.00,30.00,34.7%,54.7%,Wii Consoles,796,"Wii, Gaming Consoles",Out of Stock,SWIIWIIBLUE11003,https://au.webuy.com/sell/product-detail?id=SWIIWIIBLUE11003
"Wii White (No Game), Boxed",56.00,88.00,160.00,32.00,35.0%,55.0%,Wii Consoles,796,"Wii, Gaming Consoles",Store & Online,SWIIWIIE001,https://au.webuy.com/sell/product-detail?id=SWIIWIIE001
"Wii Black + WiimotePlus (No Game), Boxed",73.00,115.00,210.00,42.00,34.8%,54.8%,Wii Consoles,796,"Wii, Gaming Consoles",Store & Online,SWIIWIIBLKRMP001,https://au.webuy.com/sell/product-detail?id=SWIIWIIBLKRMP001
"Wii Red (No Game), Discounted",42.00,66.00,120.00,24.00,35.0%,55.0%,Wii Consoles,796,"Wii, Gaming Consoles",Out of Stock,SWIIWIIRED003,https://au.webuy.com/sell/product-detail?id=SWIIWIIRED003
"Wii Red + WiimotePlus (No Game), Discounted",49.00,77.00,140.00,28.00,35.0%,55.0%,Wii Consoles,796,"Wii, Gaming Consoles",Store & Online,SWIIWIIREDRMP004,https://au.webuy.com/sell/product-detail?id=SWIIWIIREDRMP004
"Wii V2 White (No Game), Discounted",35.00,55.00,100.00,20.00,35.0%,55.0%,Wii Consoles,796,"Wii, Gaming Consoles",Store & Online,SWIIWIIWHIT11003,https://au.webuy.com/sell/product-detail?id=SWIIWIIWHIT11003
"Wii V2 White (No Game), Boxed",56.00,88.00,160.00,32.00,35.0%,55.0%,Wii Consoles,796,"Wii, Gaming Consoles",Store & Online,SWIIWIIWHIT11001,https://au.webuy.com/sell/product-detail?id=SWIIWIIWHIT11001
"Wii White + WiimotePlus (No Game), Boxed",84.00,132.00,240.00,48.00,35.0%,55.0%,Wii Consoles,796,"Wii, Gaming Consoles",Store & Online,SWIIWIIWHIRMP001,https://au.webuy.com/sell/product-detail?id=SWIIWIIWHIRMP001
"Wii Red (No Game), Unboxed",49.00,77.00,140.00,28.00,35.0%,55.0%,Wii Consoles,796,"Wii, Gaming Consoles",Out of Stock,SWIIWIIRED002,https://au.webuy.com/sell/product-detail?id=SWIIWIIRED002
"Wii Red (No Game), Boxed",63.00,99.00,180.00,36.00,35.0%,55.0%,Wii Consoles,796,"Wii, Gaming Consoles",Out of Stock,SWIIWIIRED001,https://au.webuy.com/sell/product-detail?id=SWIIWIIRED001
"Wii V2 Blue (No Game), Unboxed",56.00,88.00,160.00,32.00,35.0%,55.0%,Wii Consoles,796,"Wii, Gaming Consoles",Out of Stock,SWIIWIIBLUE11002,https://au.webuy.com/sell/product-detail?id=SWIIWIIBLUE11002
"Wii V2 Blue (No Game), Boxed",59.00,93.00,170.00,34.00,34.7%,54.7%,Wii Consoles,796,"Wii, Gaming Consoles",Out of Stock,SWIIWIIBLUE11001,https://au.webuy.com/sell/product-detail?id=SWIIWIIBLUE11001
Value Wii Remote Rechargeable Battery,0.10,0.20,1.00,0.10,10.0%,20.0%,Wii Accessories,797,"Wii, Gaming Accessories",Store & Online,SWIIVALUE68,https://au.webuy.com/sell/product-detail?id=SWIIVALUE68
Value Wii Steering Wheel Adapter,0.05,0.05,0.50,0.00,10.0%,10.0%,Wii Accessories,797,"Wii, Gaming Accessories",Store & Online,WIIVALUE7,https://au.webuy.com/sell/product-detail?id=WIIVALUE7
Value Wii Vertical Stand Charge Dock,2.00,4.00,10.00,2.00,20.0%,40.0%,Wii Accessories,797,"Wii, Gaming Accessories",Store & Online,SWIIVALUE41,https://au.webuy.com/sell/product-detail?id=SWIIVALUE41
Official Wii/Wii U Wired Sensor Bar,5.00,9.00,20.00,4.00,25.0%,45.0%,Wii Accessories,797,"Wii, Gaming Accessories",Store & Online,SWIIOFFSB29,https://au.webuy.com/sell/product-detail?id=SWIIOFFSB29
Value Wii Remote Grip,0.05,0.05,0.50,0.00,10.0%,10.0%,Wii Accessories,797,"Wii, Gaming Accessories",Store & Online,SWIIVALUE70,https://au.webuy.com/sell/product-detail?id=SWIIVALUE70
Nintendo Wii Official Motion Plus,7.00,12.00,28.00,5.00,25.0%,42.9%,Wii Accessories,797,"Wii, Gaming Accessories",Store & Online,SWIIWIIEM01,https://au.webuy.com/sell/product-detail?id=SWIIWIIEM01
Nintendo Wii Racing Wheel,0.60,1.10,4.00,0.50,15.0%,27.5%,Wii Accessories,797,"Wii, Gaming Accessories",Store & Online,045496890216,https://au.webuy.com/sell/product-detail?id=045496890216
Wii Dual Charging Dock,0.80,1.30,3.00,0.50,26.7%,43.3%,Wii Accessories,797,"Wii, Gaming Accessories",Store & Online,SWIIDUALCHAR,https://au.webuy.com/sell/product-detail?id=SWIIDUALCHAR
Value Wii Gun Adapter,0.10,0.20,1.00,0.10,10.0%,20.0%,Wii Accessories,797,"Wii, Gaming Accessories",Store & Online,SWIIVALUE9,https://au.webuy.com/sell/product-detail?id=SWIIVALUE9
Wii To Hdmi Convertor *No longer dealing in value*,0.00,0.00,28.00,0.00,0.0%,0.0%,Wii Accessories,797,"Wii, Gaming Accessories",Store & Online,SWIIACCWIIHDMI,https://au.webuy.com/sell/product-detail?id=SWIIACCWIIHDMI
Value Wii Sports Accessories Pack,0.10,0.20,0.75,0.10,13.3%,26.7%,Wii Accessories,797,"Wii, Gaming Accessories",Store & Online,SWIIVALUE18,https://au.webuy.com/sell/product-detail?id=SWIIVALUE18
Guitar Hero Warriors Of Rock Drum Kit,31.00,49.00,90.00,18.00,34.4%,54.4%,Wii Accessories,797,"Wii, Gaming Accessories",In Store Only,SWIIGUIE005,https://au.webuy.com/sell/product-detail?id=SWIIGUIE005
Nintendo Wii Official AV cable,0.70,1.40,5.00,0.70,14.0%,28.0%,Wii Accessories,797,"Wii, Gaming Accessories",Store & Online,SMISCMOWB020,https://au.webuy.com/sell/product-detail?id=SMISCMOWB020
Value Wii Multi-Charge Station,0.40,0.80,3.00,0.40,13.3%,26.7%,Wii Accessories,797,"Wii, Gaming Accessories",Store & Online,SWIIVALUE75,https://au.webuy.com/sell/product-detail?id=SWIIVALUE75
Wii Fit Balance Board (No Game),5.00,8.00,18.00,3.00,27.8%,44.4%,Wii Accessories,797,"Wii, Gaming Accessories",In Store Only,SWIIBALA001,https://au.webuy.com/sell/product-detail?id=SWIIBALA001
Official Nintendo Wii Zapper,5.00,8.00,15.00,3.00,33.3%,53.3%,Wii Accessories,797,"Wii, Gaming Accessories",Store & Online,SWIIZAP001,https://au.webuy.com/sell/product-detail?id=SWIIZAP001
Nintendo Wii Official MotionPlus Black,7.00,11.00,20.00,4.00,35.0%,55.0%,Wii Accessories,797,"Wii, Gaming Accessories",Store & Online,SWIIWIIEM02,https://au.webuy.com/sell/product-detail?id=SWIIWIIEM02
Value Wii Dual Remote Charging Stand,0.50,0.90,2.00,0.40,25.0%,45.0%,Wii Accessories,797,"Wii, Gaming Accessories",Store & Online,SWIIVALUE25,https://au.webuy.com/sell/product-detail?id=SWIIVALUE25
Value Wii Tennis Racquet Adapter,0.05,0.05,0.50,0.00,10.0%,10.0%,Wii Accessories,797,"Wii, Gaming Accessories",Store & Online,SWIIVALUE3,https://au.webuy.com/sell/product-detail?id=SWIIVALUE3
Value Wii Light Gun,3.00,5.00,12.00,2.00,25.0%,41.7%,Wii Accessories,797,"Wii, Gaming Accessories",Store & Online,SWIIVALUE24,https://au.webuy.com/sell/product-detail?id=SWIIVALUE24
Value Wii Cricket Bat Adpater,0.05,0.05,0.75,0.00,6.7%,6.7%,Wii Accessories,797,"Wii, Gaming Accessories",Store & Online,SWIIVALUE99,https://au.webuy.com/sell/product-detail?id=SWIIVALUE99
Microphone for Wii,0.80,1.30,3.00,0.50,26.7%,43.3%,Wii Accessories,797,"Wii, Gaming Accessories",Store & Online,SWIIBOOE001,https://au.webuy.com/sell/product-detail?id=SWIIBOOE001
Guitar Hero Les Paul Wireless Guitar,26.00,42.00,95.00,16.00,27.4%,44.2%,Wii Accessories,797,"Wii, Gaming Accessories",Store & Online,SWIIGUI001,https://au.webuy.com/sell/product-detail?id=SWIIGUI001
Value Wii Wired Sensor Bar,5.00,8.00,18.00,3.00,27.8%,44.4%,Wii Accessories,797,"Wii, Gaming Accessories",Store & Online,SWIIVALUE29,https://au.webuy.com/sell/product-detail?id=SWIIVALUE29
Value Wii Motion Plus,5.00,9.00,20.00,4.00,25.0%,45.0%,Wii Accessories,797,"Wii, Gaming Accessories",Store & Online,SWIIVALUE66,https://au.webuy.com/sell/product-detail?id=SWIIVALUE66
Logitech USB Microphone,0.40,0.60,1.50,0.20,26.7%,40.0%,Wii Accessories,797,"Wii, Gaming Accessories",Store & Online,SACCLOGUMICR,https://au.webuy.com/sell/product-detail?id=SACCLOGUMICR
Value Wii Wireless Sensor Bar,1.60,2.00,6.00,0.40,26.7%,33.3%,Wii Accessories,797,"Wii, Gaming Accessories",Store & Online,SWIIVALUE10,https://au.webuy.com/sell/product-detail?id=SWIIVALUE10
Value Wii Dual Microphones,4.00,6.00,15.00,2.00,26.7%,40.0%,Wii Accessories,797,"Wii, Gaming Accessories",Store & Online,SWIIVALUE69,https://au.webuy.com/sell/product-detail?id=SWIIVALUE69
Value Wii Cooling Stand,0.30,0.70,2.50,0.40,12.0%,28.0%,Wii Accessories,797,"Wii, Gaming Accessories",Store & Online,SWIIVALUE40,https://au.webuy.com/sell/product-detail?id=SWIIVALUE40
Value Wii Golf Club Adapter,0.05,0.05,0.50,0.00,10.0%,10.0%,Wii Accessories,797,"Wii, Gaming Accessories",Store & Online,SWIIVALUE5,https://au.webuy.com/sell/product-detail?id=SWIIVALUE5
Guitar Heroes Warriors Of Rock Guitar,38.00,60.00,110.00,22.00,34.5%,54.5%,Wii Accessories,797,"Wii, Gaming Accessories",Store & Online,SWIIGHWRG,https://au.webuy.com/sell/product-detail?id=SWIIGHWRG
Value Wii Docking Power Station,0.05,0.05,1.00,0.00,5.0%,5.0%,Wii Accessories,797,"Wii, Gaming Accessories",Store & Online,SWIIDOCK2,https://au.webuy.com/sell/product-detail?id=SWIIDOCK2
Value Wii Fishing Rod,1.60,2.00,6.00,0.40,26.7%,33.3%,Wii Accessories,797,"Wii, Gaming Accessories",Store & Online,SWIIVALUE20,https://au.webuy.com/sell/product-detail?id=SWIIVALUE20
Value Wii Baseball Bat Adapter,0.05,0.05,0.50,0.00,10.0%,10.0%,Wii Accessories,797,"Wii, Gaming Accessories",Store & Online,SWIIVALUE4,https://au.webuy.com/sell/product-detail?id=SWIIVALUE4
Value Wii Quad Remote Charging Stand,0.70,1.40,5.00,0.70,14.0%,28.0%,Wii Accessories,797,"Wii, Gaming Accessories",Store & Online,SWIIVALUE38,https://au.webuy.com/sell/product-detail?id=SWIIVALUE38
Value Wii Dumbbell Adapters (Pair),0.05,0.05,0.75,0.00,6.7%,6.7%,Wii Accessories,797,"Wii, Gaming Accessories",Store & Online,SWIIVALUE67,https://au.webuy.com/sell/product-detail?id=SWIIVALUE67
DJ Hero 2 - Turntable Kit,5.00,9.00,20.00,4.00,25.0%,45.0%,Wii Accessories,797,"Wii, Gaming Accessories",Out of Stock,5030917087165,https://au.webuy.com/sell/product-detail?id=5030917087165
Value Wii Lightsaber,0.05,0.05,1.00,0.00,5.0%,5.0%,Wii Accessories,797,"Wii, Gaming Accessories",Out of Stock,SWIIVALLIGSAB1,https://au.webuy.com/sell/product-detail?id=SWIIVALLIGSAB1
Value Wii Rifle Adapter,2.00,3.00,8.00,1.00,25.0%,37.5%,Wii Accessories,797,"Wii, Gaming Accessories",Store & Online,SWIIVALUE50,https://au.webuy.com/sell/product-detail?id=SWIIVALUE50
Value Wii Fit Rechargeable Battery,1.60,2.00,6.00,0.40,26.7%,33.3%,Wii Accessories,797,"Wii, Gaming Accessories",Store & Online,SWIIVALUE22,https://au.webuy.com/sell/product-detail?id=SWIIVALUE22
Value Wii Zapper,2.00,4.00,10.00,2.00,20.0%,40.0%,Wii Accessories,797,"Wii, Gaming Accessories",Store & Online,SWIIVALUE16,https://au.webuy.com/sell/product-detail?id=SWIIVALUE16
Nintendo Wii Official Light Gun,7.00,11.00,20.00,4.00,35.0%,55.0%,Wii Accessories,797,"Wii, Gaming Accessories",Store & Online,SWIIGUNE001,https://au.webuy.com/sell/product-detail?id=SWIIGUNE001
Cabela's Top Shot Elite Gun,11.00,18.00,40.00,7.00,27.5%,45.0%,Wii Accessories,797,"Wii, Gaming Accessories",Store & Online,SWIICABTOPELIGUN,https://au.webuy.com/sell/product-detail?id=SWIICABTOPELIGUN
Wii Fit Balance Board Black (No Game),14.00,22.00,50.00,8.00,28.0%,44.0%,Wii Accessories,797,"Wii, Gaming Accessories",Store & Online,SWIIBALABLK001,https://au.webuy.com/sell/product-detail?id=SWIIBALABLK001
Wii Value Guitar Hero Guitar,26.00,42.00,95.00,16.00,27.4%,44.2%,Wii Accessories,797,"Wii, Gaming Accessories",Store & Online,SWIIVALUEG01,https://au.webuy.com/sell/product-detail?id=SWIIVALUEG01
Guitar Hero World Tour Guitar Only,33.00,52.00,95.00,19.00,34.7%,54.7%,Wii Accessories,797,"Wii, Gaming Accessories",Store & Online,SWIIGUIE002,https://au.webuy.com/sell/product-detail?id=SWIIGUIE002
Value Wii Component Cable,1.10,1.80,4.00,0.70,27.5%,45.0%,Wii Accessories,797,"Wii, Gaming Accessories",Store & Online,SWIIVALUE1,https://au.webuy.com/sell/product-detail?id=SWIIVALUE1
Nintendo Wii Official Wii Speak,0.20,0.40,1.50,0.20,13.3%,26.7%,Wii Accessories,797,"Wii, Gaming Accessories",Store & Online,SWIIWIISPE01,https://au.webuy.com/sell/product-detail?id=SWIIWIISPE01
Value Wii Accessory Pack (golf/tennis/bat),0.60,1.10,4.00,0.50,15.0%,27.5%,Wii Accessories,797,"Wii, Gaming Accessories",Store & Online,SWIIVALUE19,https://au.webuy.com/sell/product-detail?id=SWIIVALUE19
Sonic The Hedge Hog Wii Soft Touch Kit,0.70,1.40,5.00,0.70,14.0%,28.0%,Wii Accessories,797,"Wii, Gaming Accessories",Store & Online,8168051200953,https://au.webuy.com/sell/product-detail?id=8168051200953
Value Wii Fit Silicon Case,0.05,0.05,2.00,0.00,2.5%,2.5%,Wii Accessories,797,"Wii, Gaming Accessories",Store & Online,SWIIVALUE26,https://au.webuy.com/sell/product-detail?id=SWIIVALUE26
Wii Fit Battery Pack,1.20,2.00,8.00,0.80,15.0%,25.0%,Wii Accessories,797,"Wii, Gaming Accessories",Out of Stock,SWIIFITBAT,https://au.webuy.com/sell/product-detail?id=SWIIFITBAT
Wii Wireless Sensor Bar,12.00,19.00,35.00,7.00,34.3%,54.3%,Wii Accessories,797,"Wii, Gaming Accessories",Out of Stock,SWIISENBAR,https://au.webuy.com/sell/product-detail?id=SWIISENBAR
Rock Band Microphone,5.00,9.00,20.00,4.00,25.0%,45.0%,Wii Accessories,797,"Wii, Gaming Accessories",Store & Online,SWIIROCMIC,https://au.webuy.com/sell/product-detail?id=SWIIROCMIC
Guitar Hero World Tour Drums Only,31.00,49.00,90.00,18.00,34.4%,54.4%,Wii Accessories,797,"Wii, Gaming Accessories",Out of Stock,SWIIGUIE004,https://au.webuy.com/sell/product-detail?id=SWIIGUIE004
Band Hero Drum Kit,63.00,99.00,180.00,36.00,35.0%,55.0%,Wii Accessories,797,"Wii, Gaming Accessories",Store & Online,SWIIACCBANHERDR001,https://au.webuy.com/sell/product-detail?id=SWIIACCBANHERDR001
Pro Gamer Soft Touch Sports Kit for Wii ( Racket/Sword/GolfClub/Wheel/base,2.00,4.00,15.00,2.00,13.3%,26.7%,Wii Accessories,797,"Wii, Gaming Accessories",Store & Online,8165005012105,https://au.webuy.com/sell/product-detail?id=8165005012105
DJ Hero Turntable Kit,5.00,8.00,18.00,3.00,27.8%,44.4%,Wii Accessories,797,"Wii, Gaming Accessories",Store & Online,503091707WIDE,https://au.webuy.com/sell/product-detail?id=503091707WIDE
Value Wii Cricket Ball Adapter,0.05,0.05,0.50,0.00,10.0%,10.0%,Wii Accessories,797,"Wii, Gaming Accessories",Out of Stock,SWIIVALUE89,https://au.webuy.com/sell/product-detail?id=SWIIVALUE89
Value Wii Dance Mat,4.00,6.00,15.00,2.00,26.7%,40.0%,Wii Accessories,797,"Wii, Gaming Accessories",Store & Online,SWIIVALUE65,https://au.webuy.com/sell/product-detail?id=SWIIVALUE65
uDraw Game Tablet,1.60,2.00,6.00,0.40,26.7%,33.3%,Wii Accessories,797,"Wii, Gaming Accessories",Store & Online,SWIIUDRTAB,https://au.webuy.com/sell/product-detail?id=SWIIUDRTAB
Wii Rock Band Drum Kit,9.00,15.00,28.00,6.00,32.1%,53.6%,Wii Accessories,797,"Wii, Gaming Accessories",Out of Stock,SWIIROCE002,https://au.webuy.com/sell/product-detail?id=SWIIROCE002
Value Wii Nunchuck Cordless Adapter,0.30,0.50,2.00,0.20,15.0%,25.0%,Wii Accessories,797,"Wii, Gaming Accessories",Store & Online,SWIINUNWIF01,https://au.webuy.com/sell/product-detail?id=SWIINUNWIF01
Value Wireless Keyboard,2.00,4.00,10.00,2.00,20.0%,40.0%,Wii Accessories,797,"Wii, Gaming Accessories",Store & Online,SACCVALUE28,https://au.webuy.com/sell/product-detail?id=SACCVALUE28
Star Wars - Light Up Lightsaber,7.00,11.00,20.00,4.00,35.0%,55.0%,Wii Accessories,797,"Wii, Gaming Accessories",Out of Stock,617885956027,https://au.webuy.com/sell/product-detail?id=617885956027
Tony Hawk Ride Board Controller,10.00,16.00,30.00,6.00,33.3%,53.3%,Wii Accessories,797,"Wii, Gaming Accessories",Out of Stock,503091707WING,https://au.webuy.com/sell/product-detail?id=503091707WING
Guitar Hero World Tour Microphone Only,1.40,2.00,5.00,0.60,28.0%,40.0%,Wii Accessories,797,"Wii, Gaming Accessories",Store & Online,SWIIGUIE003,https://au.webuy.com/sell/product-detail?id=SWIIGUIE003
Value Wii Joypad Adapter,0.05,0.05,1.50,0.00,3.3%,3.3%,Wii Accessories,797,"Wii, Gaming Accessories",Store & Online,SWIIVALUE6,https://au.webuy.com/sell/product-detail?id=SWIIVALUE6
Nintendo Wii Official Component Cable,14.00,23.00,42.00,9.00,33.3%,54.8%,Wii Accessories,797,"Wii, Gaming Accessories",Out of Stock,045496890100,https://au.webuy.com/sell/product-detail?id=045496890100
Konami Dance Dance Revolution Mat,3.00,7.00,25.00,4.00,12.0%,28.0%,Wii Accessories,797,"Wii, Gaming Accessories",Out of Stock,SACCKON001,https://au.webuy.com/sell/product-detail?id=SACCKON001
RockBand 3 Wii Fender Stratocaster,11.00,17.00,32.00,6.00,34.4%,53.1%,Wii Accessories,797,"Wii, Gaming Accessories",Out of Stock,072865802WIFG,https://au.webuy.com/sell/product-detail?id=072865802WIFG
Guitar Hero 5 Wireless Guitar Controller,38.00,60.00,110.00,22.00,34.5%,54.5%,Wii Accessories,797,"Wii, Gaming Accessories",Store & Online,SWIIGH5001,https://au.webuy.com/sell/product-detail?id=SWIIGH5001
Value Wii Fit Balance Board,3.00,7.00,25.00,4.00,12.0%,28.0%,Wii Accessories,797,"Wii, Gaming Accessories",Store & Online,SWIIVALUE34,https://au.webuy.com/sell/product-detail?id=SWIIVALUE34
Value Wii Remote Charging Stand,0.50,0.90,2.00,0.40,25.0%,45.0%,Wii Accessories,797,"Wii, Gaming Accessories",Store & Online,SWIIVALUE15,https://au.webuy.com/sell/product-detail?id=SWIIVALUE15
Wii Rock Band Guitar Controller,16.00,26.00,48.00,10.00,33.3%,54.2%,Wii Accessories,797,"Wii, Gaming Accessories",Out of Stock,SWIIROCE001,https://au.webuy.com/sell/product-detail?id=SWIIROCE001
EA Sports Active Accessory Pack,0.70,1.40,5.00,0.70,14.0%,28.0%,Wii Accessories,797,"Wii, Gaming Accessories",Out of Stock,5030935077636,https://au.webuy.com/sell/product-detail?id=5030935077636
Value Wii Sniper Rife,8.00,13.00,30.00,5.00,26.7%,43.3%,Wii Accessories,797,"Wii, Gaming Accessories",Out of Stock,SWIIVAL001,https://au.webuy.com/sell/product-detail?id=SWIIVAL001
Value Wii Remote Twin Docking Station,0.40,0.80,3.00,0.40,13.3%,26.7%,Wii Accessories,797,"Wii, Gaming Accessories",Store & Online,SWIIDOCK1,https://au.webuy.com/sell/product-detail?id=SWIIDOCK1
Energizer 2x Induction Charging System,2.00,4.00,15.00,2.00,13.3%,26.7%,Wii Accessories,797,"Wii, Gaming Accessories",Store & Online,SACCENRPL7584,https://au.webuy.com/sell/product-detail?id=SACCENRPL7584
Logitech Wii Power Station,2.00,4.00,10.00,2.00,20.0%,40.0%,Wii Accessories,797,"Wii, Gaming Accessories",Out of Stock,SWWILOGE001,https://au.webuy.com/sell/product-detail?id=SWWILOGE001
Joytech Wii Power Station,0.60,1.10,4.00,0.50,15.0%,27.5%,Wii Accessories,797,"Wii, Gaming Accessories",Out of Stock,SWWIJOYE001,https://au.webuy.com/sell/product-detail?id=SWWIJOYE001
Value Wii Drum Kit,5.00,9.00,20.00,4.00,25.0%,45.0%,Wii Accessories,797,"Wii, Gaming Accessories",Out of Stock,SWIVALDRMKT,https://au.webuy.com/sell/product-detail?id=SWIVALDRMKT
Nintendo Wii Official USB WiFi Connector,5.00,9.00,20.00,4.00,25.0%,45.0%,Wii Accessories,797,"Wii, Gaming Accessories",Store & Online,SWIIWIIUSB01,https://au.webuy.com/sell/product-detail?id=SWIIWIIUSB01
Nintendo Wii LAN Adapter,14.00,23.00,42.00,9.00,33.3%,54.8%,Wii Accessories,797,"Wii, Gaming Accessories",Out of Stock,SWIIWIIE009,https://au.webuy.com/sell/product-detail?id=SWIIWIIE009
Value Wii Chat Headset,0.70,1.10,2.50,0.40,28.0%,44.0%,Wii Accessories,797,"Wii, Gaming Accessories",Out of Stock,SWIIVALUE98,https://au.webuy.com/sell/product-detail?id=SWIIVALUE98
Value Wii Quick Charge USB Kit,0.05,0.05,1.50,0.00,3.3%,3.3%,Wii Accessories,797,"Wii, Gaming Accessories",Out of Stock,SWIIVALUE8,https://au.webuy.com/sell/product-detail?id=SWIIVALUE8
Value Wii Drum Stick Addon,0.05,0.05,3.00,0.00,1.7%,1.7%,Wii Accessories,797,"Wii, Gaming Accessories",Out of Stock,SWIIVALUE52,https://au.webuy.com/sell/product-detail?id=SWIIVALUE52
Value Wii Motion Tracking Camera,0.90,1.60,6.00,0.70,15.0%,26.7%,Wii Accessories,797,"Wii, Gaming Accessories",Out of Stock,SWIIVALUE48,https://au.webuy.com/sell/product-detail?id=SWIIVALUE48
Value Wiimote Analog Stick Adaptor,0.30,0.50,2.00,0.20,15.0%,25.0%,Wii Accessories,797,"Wii, Gaming Accessories",Out of Stock,SWIIVALUE46,https://au.webuy.com/sell/product-detail?id=SWIIVALUE46
Value Wii Music Accessories Pack,0.05,0.05,1.00,0.00,5.0%,5.0%,Wii Accessories,797,"Wii, Gaming Accessories",Out of Stock,SWIIVALUE45,https://au.webuy.com/sell/product-detail?id=SWIIVALUE45
Value Wii Snowboard,0.90,1.60,6.00,0.70,15.0%,26.7%,Wii Accessories,797,"Wii, Gaming Accessories",Out of Stock,SWIIVALUE44,https://au.webuy.com/sell/product-detail?id=SWIIVALUE44
Value Wii Table Tennis Racquet Adapter,0.05,0.05,1.00,0.00,5.0%,5.0%,Wii Accessories,797,"Wii, Gaming Accessories",Store & Online,SWIIVALUE3T,https://au.webuy.com/sell/product-detail?id=SWIIVALUE3T
Value Cooking Mother Kit,0.05,0.05,1.50,0.00,3.3%,3.3%,Wii Accessories,797,"Wii, Gaming Accessories",Out of Stock,SWIIVALUE39,https://au.webuy.com/sell/product-detail?id=SWIIVALUE39
Value Wii Maracas,0.05,0.05,1.50,0.00,3.3%,3.3%,Wii Accessories,797,"Wii, Gaming Accessories",Store & Online,SWIIVALUE32,https://au.webuy.com/sell/product-detail?id=SWIIVALUE32
Snooker Cue Adaptor,0.05,0.05,3.00,0.00,1.7%,1.7%,Wii Accessories,797,"Wii, Gaming Accessories",Out of Stock,SWIIVALUE30,https://au.webuy.com/sell/product-detail?id=SWIIVALUE30
Value Wii Fit Mat,0.05,0.05,1.50,0.00,3.3%,3.3%,Wii Accessories,797,"Wii, Gaming Accessories",Out of Stock,SWIIVALUE28,https://au.webuy.com/sell/product-detail?id=SWIIVALUE28
Value Wii Fit Carry Case,0.40,0.80,3.00,0.40,13.3%,26.7%,Wii Accessories,797,"Wii, Gaming Accessories",Out of Stock,SWIIVALUE27,https://au.webuy.com/sell/product-detail?id=SWIIVALUE27
Value Wii Light Sword,0.05,0.05,2.00,0.00,2.5%,2.5%,Wii Accessories,797,"Wii, Gaming Accessories",Out of Stock,SWIIVALUE23,https://au.webuy.com/sell/product-detail?id=SWIIVALUE23
Value Wii Network Adapter,2.00,3.00,8.00,1.00,25.0%,37.5%,Wii Accessories,797,"Wii, Gaming Accessories",Out of Stock,SWIIVALUE2,https://au.webuy.com/sell/product-detail?id=SWIIVALUE2
Value Wii Boxing Gloves,0.05,0.05,4.00,0.00,1.2%,1.2%,Wii Accessories,797,"Wii, Gaming Accessories",Out of Stock,SWIIVALUE17,https://au.webuy.com/sell/product-detail?id=SWIIVALUE17
Value Wii SCART Cable,0.30,0.50,2.00,0.20,15.0%,25.0%,Wii Accessories,797,"Wii, Gaming Accessories",Out of Stock,SWIIVALUE14,https://au.webuy.com/sell/product-detail?id=SWIIVALUE14
Value Wii RGB Cable,0.30,0.50,2.00,0.20,15.0%,25.0%,Wii Accessories,797,"Wii, Gaming Accessories",Out of Stock,SWIIVALUE13,https://au.webuy.com/sell/product-detail?id=SWIIVALUE13
Value Wii LAN Adaptor,2.00,3.00,8.00,1.00,25.0%,37.5%,Wii Accessories,797,"Wii, Gaming Accessories",Out of Stock,SWIIVALUE12,https://au.webuy.com/sell/product-detail?id=SWIIVALUE12
Generic Wii Controller Wheel *WIIVALUE7*,0.00,0.00,0.50,0.00,0.0%,0.0%,Wii Accessories,797,"Wii, Gaming Accessories",Store & Online,SWIIUVAL0059,https://au.webuy.com/sell/product-detail?id=SWIIUVAL0059
Tony Hawks Shred Board Only,2.00,4.00,10.00,2.00,20.0%,40.0%,Wii Accessories,797,"Wii, Gaming Accessories",Out of Stock,SWIITONSHRED001,https://au.webuy.com/sell/product-detail?id=SWIITONSHRED001
Thrustmaster Freestyle Wii Board,2.00,4.00,10.00,2.00,20.0%,40.0%,Wii Accessories,797,"Wii, Gaming Accessories",Out of Stock,SWIITHRUSTBOARD,https://au.webuy.com/sell/product-detail?id=SWIITHRUSTBOARD
Thrustmaster Toy Story 3 Charge Dock,2.00,3.00,8.00,1.00,25.0%,37.5%,Wii Accessories,797,"Wii, Gaming Accessories",Out of Stock,SWIITHRTS3C,https://au.webuy.com/sell/product-detail?id=SWIITHRTS3C
Official Nintendo Wii Scart Cable,0.60,1.10,4.00,0.50,15.0%,27.5%,Wii Accessories,797,"Wii, Gaming Accessories",Out of Stock,SWIISCAE001,https://au.webuy.com/sell/product-detail?id=SWIISCAE001
Rock Band Hofner Guitar Controller,14.00,22.00,40.00,8.00,35.0%,55.0%,Wii Accessories,797,"Wii, Gaming Accessories",Out of Stock,SWIIROCHOGUI,https://au.webuy.com/sell/product-detail?id=SWIIROCHOGUI
Rayman Raving Rabbids Remote Grip,0.60,1.10,4.00,0.50,15.0%,27.5%,Wii Accessories,797,"Wii, Gaming Accessories",Out of Stock,SWIIRAY001,https://au.webuy.com/sell/product-detail?id=SWIIRAY001
Wii Quad Charging Dock,3.00,5.00,10.00,2.00,30.0%,50.0%,Wii Accessories,797,"Wii, Gaming Accessories",Out of Stock,SWIIQUADCHAR,https://au.webuy.com/sell/product-detail?id=SWIIQUADCHAR
Pro Gamer Wii 2.1 Sound System,2.00,4.00,15.00,2.00,13.3%,26.7%,Wii Accessories,797,"Wii, Gaming Accessories",Out of Stock,SWIIPROSOUS21,https://au.webuy.com/sell/product-detail?id=SWIIPROSOUS21
Official Wii S-Video Cable,0.70,1.40,5.00,0.70,14.0%,28.0%,Wii Accessories,797,"Wii, Gaming Accessories",Out of Stock,SWIIOFCE002,https://au.webuy.com/sell/product-detail?id=SWIIOFCE002
Value Wii Composite Cable,0.05,0.05,4.00,0.00,1.2%,1.2%,Wii Accessories,797,"Wii, Gaming Accessories",Store & Online,SWIIOFCE001,https://au.webuy.com/sell/product-detail?id=SWIIOFCE001
Nerf N-Strike Blaster,1.80,3.00,12.00,1.20,15.0%,25.0%,Wii Accessories,797,"Wii, Gaming Accessories",Out of Stock,SWIINERE002,https://au.webuy.com/sell/product-detail?id=SWIINERE002
Madcatz Charging Stand For Wii Fit,0.90,1.60,6.00,0.70,15.0%,26.7%,Wii Accessories,797,"Wii, Gaming Accessories",Out of Stock,SWIIMADWFCS1,https://au.webuy.com/sell/product-detail?id=SWIIMADWFCS1
Mad Catz Rayman Plunger Gun,0.70,1.40,5.00,0.70,14.0%,28.0%,Wii Accessories,797,"Wii, Gaming Accessories",Out of Stock,SWIIMAD001,https://au.webuy.com/sell/product-detail?id=SWIIMAD001
Logitech Microphone (Pair),3.00,5.00,12.00,2.00,25.0%,41.7%,Wii Accessories,797,"Wii, Gaming Accessories",Store & Online,SWIILOGMIC001,https://au.webuy.com/sell/product-detail?id=SWIILOGMIC001
Logic 3 Wii Cooling Power Stand,0.60,1.10,4.00,0.50,15.0%,27.5%,Wii Accessories,797,"Wii, Gaming Accessories",Out of Stock,SWIILOGE001,https://au.webuy.com/sell/product-detail?id=SWIILOGE001
Nintendo Wii Official Light Sword,2.00,4.00,10.00,2.00,20.0%,40.0%,Wii Accessories,797,"Wii, Gaming Accessories",Out of Stock,SWIILIGE001,https://au.webuy.com/sell/product-detail?id=SWIILIGE001
House Of The Dead Hand Cannon For Wii,7.00,11.00,25.00,4.00,28.0%,44.0%,Wii Accessories,797,"Wii, Gaming Accessories",Out of Stock,SWIIHOTDHC,https://au.webuy.com/sell/product-detail?id=SWIIHOTDHC
High School Musical Microphone (No Game),4.00,6.00,15.00,2.00,26.7%,40.0%,Wii Accessories,797,"Wii, Gaming Accessories",Store & Online,SWIIHIGH001,https://au.webuy.com/sell/product-detail?id=SWIIHIGH001
Guitar Hero Aerosmith Guitar Only,35.00,55.00,100.00,20.00,35.0%,55.0%,Wii Accessories,797,"Wii, Gaming Accessories",Store & Online,SWIIGUIAER005,https://au.webuy.com/sell/product-detail?id=SWIIGUIAER005
Guitar Hero Faceplate For Les Paul Model,0.40,0.80,3.00,0.40,13.3%,26.7%,Wii Accessories,797,"Wii, Gaming Accessories",Out of Stock,SWIIGHFFLPM,https://au.webuy.com/sell/product-detail?id=SWIIGHFFLPM
Family Trainer Mat (No Game),5.00,8.00,18.00,3.00,27.8%,44.4%,Wii Accessories,797,"Wii, Gaming Accessories",Store & Online,SWIIFAME002,https://au.webuy.com/sell/product-detail?id=SWIIFAME002
Exspect Wii Charge Mat + 2 Batteries,2.00,3.00,8.00,1.00,25.0%,37.5%,Wii Accessories,797,"Wii, Gaming Accessories",Out of Stock,SWIIEXSBATMAT,https://au.webuy.com/sell/product-detail?id=SWIIEXSBATMAT
Energizer Charging Mat + 2 Batteries,1.80,3.00,12.00,1.20,15.0%,25.0%,Wii Accessories,797,"Wii, Gaming Accessories",Out of Stock,SWIIENEMAT2BAT,https://au.webuy.com/sell/product-detail?id=SWIIENEMAT2BAT
Dancing Stage Mat,0.90,1.60,6.00,0.70,15.0%,26.7%,Wii Accessories,797,"Wii, Gaming Accessories",Out of Stock,SWIIDANE002,https://au.webuy.com/sell/product-detail?id=SWIIDANE002
Cabela's Big Game Hunter Rifle,9.00,15.00,28.00,6.00,32.1%,53.6%,Wii Accessories,797,"Wii, Gaming Accessories",Out of Stock,SWIICABHUNTRIFLE,https://au.webuy.com/sell/product-detail?id=SWIICABHUNTRIFLE
Scene It! 4 x Buzzer (No Game),0.30,0.70,2.50,0.40,12.0%,28.0%,Wii Accessories,797,"Wii, Gaming Accessories",Out of Stock,SWIIBUZ01,https://au.webuy.com/sell/product-detail?id=SWIIBUZ01
Beatles Rock Band Drum Kit,8.00,13.00,25.00,5.00,32.0%,52.0%,Wii Accessories,797,"Wii, Gaming Accessories",Out of Stock,SWIIBEATDRU001,https://au.webuy.com/sell/product-detail?id=SWIIBEATDRU001
Mad Catz Official Raving Rabbids Dock,0.60,1.10,4.00,0.50,15.0%,27.5%,Wii Accessories,797,"Wii, Gaming Accessories",Out of Stock,SWIIACCMADRRD001,https://au.webuy.com/sell/product-detail?id=SWIIACCMADRRD001
Logic 3 Sound Station,2.00,4.00,10.00,2.00,20.0%,40.0%,Wii Accessories,797,"Wii, Gaming Accessories",Out of Stock,SWIIACCLOG3SO001,https://au.webuy.com/sell/product-detail?id=SWIIACCLOG3SO001
Guitar Hero Metallica Guitar Controller,47.00,74.00,135.00,27.00,34.8%,54.8%,Wii Accessories,797,"Wii, Gaming Accessories",Store & Online,SWACGHMGCA01,https://au.webuy.com/sell/product-detail?id=SWACGHMGCA01
Value Wii Conductors Baton,0.05,0.05,1.50,0.00,3.3%,3.3%,Wii Accessories,797,"Wii, Gaming Accessories",Out of Stock,SVALUEBAT01,https://au.webuy.com/sell/product-detail?id=SVALUEBAT01
Logic 3 TopDrive Wheel + Pedals,8.00,13.00,25.00,5.00,32.0%,52.0%,Wii Accessories,797,"Wii, Gaming Accessories",Out of Stock,SLOGWHE001,https://au.webuy.com/sell/product-detail?id=SLOGWHE001
Madcatz Induction Charge Mat,0.60,1.10,4.00,0.50,15.0%,27.5%,Wii Accessories,797,"Wii, Gaming Accessories",Out of Stock,SACCWIIMADMATB,https://au.webuy.com/sell/product-detail?id=SACCWIIMADMATB
Logitech Wii Speed Force Wireless Wheel,9.00,15.00,28.00,6.00,32.1%,53.6%,Wii Accessories,797,"Wii, Gaming Accessories",Out of Stock,SACCLOGSPEFORWIRWHE,https://au.webuy.com/sell/product-detail?id=SACCLOGSPEFORWIRWHE
Logitech Wireless Guitar Controller,9.00,15.00,28.00,6.00,32.1%,53.6%,Wii Accessories,797,"Wii, Gaming Accessories",Out of Stock,SACCLOGGUITW01,https://au.webuy.com/sell/product-detail?id=SACCLOGGUITW01
Energizer 4x Induction Charging System,5.00,8.00,18.00,3.00,27.8%,44.4%,Wii Accessories,797,"Wii, Gaming Accessories",Out of Stock,SACCENRPL7582,https://au.webuy.com/sell/product-detail?id=SACCENRPL7582
Value Wii Frisbee For Sports Resort,0.05,0.05,3.50,0.00,1.4%,1.4%,Wii Accessories,797,"Wii, Gaming Accessories",Out of Stock,8984556732337,https://au.webuy.com/sell/product-detail?id=8984556732337
Hori Wii Fit Yoga Mat,0.50,0.90,3.50,0.40,14.3%,25.7%,Wii Accessories,797,"Wii, Gaming Accessories",Out of Stock,873124001570,https://au.webuy.com/sell/product-detail?id=873124001570
Madcatz Wii Fit Rechargeable Battery Pac,0.70,1.40,5.00,0.70,14.0%,28.0%,Wii Accessories,797,"Wii, Gaming Accessories",Store & Online,728658057725,https://au.webuy.com/sell/product-detail?id=728658057725
Mad Catz Wii Rechargable Battery Pack,0.30,0.70,2.50,0.40,12.0%,28.0%,Wii Accessories,797,"Wii, Gaming Accessories",Store & Online,728658057329,https://au.webuy.com/sell/product-detail?id=728658057329
Nintendo Wii Freeloader,9.00,15.00,28.00,6.00,32.1%,53.6%,Wii Accessories,797,"Wii, Gaming Accessories",Store & Online,7194801666558,https://au.webuy.com/sell/product-detail?id=7194801666558
Wii/Wii U Epic Mickey Brush,3.00,6.00,22.00,3.00,13.6%,27.3%,Wii Accessories,797,"Wii, Gaming Accessories",Store & Online,708056585501,https://au.webuy.com/sell/product-detail?id=708056585501
Star Wars Clone Wars Blaster,0.60,1.10,4.00,0.50,15.0%,27.5%,Wii Accessories,797,"Wii, Gaming Accessories",Out of Stock,617885955884,https://au.webuy.com/sell/product-detail?id=617885955884
Wii Jog Motion Controller,0.30,0.50,2.00,0.20,15.0%,25.0%,Wii Accessories,797,"Wii, Gaming Accessories",Out of Stock,5055256667601,https://au.webuy.com/sell/product-detail?id=5055256667601
Beatles Rock Band Guitar + USB Dongle,11.00,17.00,32.00,6.00,34.4%,53.1%,Wii Accessories,797,"Wii, Gaming Accessories",Out of Stock,5030938078722,https://au.webuy.com/sell/product-detail?id=5030938078722
Rock Band - Band Unboxed (No Game,10.00,16.00,30.00,6.00,33.3%,53.3%,Wii Accessories,797,"Wii, Gaming Accessories",Out of Stock,5030935066975B,https://au.webuy.com/sell/product-detail?id=5030935066975B
Rock Band - Band In A Box (No Game),12.00,19.00,35.00,7.00,34.3%,54.3%,Wii Accessories,797,"Wii, Gaming Accessories",Out of Stock,5030935066975,https://au.webuy.com/sell/product-detail?id=5030935066975
RockBand 3 Wii Wireless Pro Keyboard,4.00,6.00,12.00,2.00,33.3%,50.0%,Wii Accessories,797,"Wii, Gaming Accessories",Out of Stock,503093009WRBK,https://au.webuy.com/sell/product-detail?id=503093009WRBK
RockBand 3 Wii Drums & Cymbals Pack,0.60,1.10,4.00,0.50,15.0%,27.5%,Wii Accessories,797,"Wii, Gaming Accessories",Out of Stock,503093009WIDC,https://au.webuy.com/sell/product-detail?id=503093009WIDC
Swordfish Cooling Fan Stand,0.05,0.05,1.50,0.00,3.3%,3.3%,Wii Accessories,797,"Wii, Gaming Accessories",Out of Stock,5017416263993,https://au.webuy.com/sell/product-detail?id=5017416263993
"Value 7"" Screen & Travel Adaptor",8.00,13.00,25.00,5.00,32.0%,52.0%,Wii Accessories,797,"Wii, Gaming Accessories",Out of Stock,5016743073015,https://au.webuy.com/sell/product-detail?id=5016743073015
Wii Gladiator Pack,0.05,0.05,1.50,0.00,3.3%,3.3%,Wii Accessories,797,"Wii, Gaming Accessories",Out of Stock,5016743023683,https://au.webuy.com/sell/product-detail?id=5016743023683
Wii Value Charge Kit,0.05,0.05,1.00,0.00,5.0%,5.0%,Wii Accessories,797,"Wii, Gaming Accessories",Out of Stock,5016655141468,https://au.webuy.com/sell/product-detail?id=5016655141468
Toy Story Ray Gun,0.60,1.10,4.00,0.50,15.0%,27.5%,Wii Accessories,797,"Wii, Gaming Accessories",Out of Stock,3362934608347,https://au.webuy.com/sell/product-detail?id=3362934608347
Thrustmaster Dual Trigger Gun NW,5.00,8.00,15.00,3.00,33.3%,53.3%,Wii Accessories,797,"Wii, Gaming Accessories",Out of Stock,3362934607975,https://au.webuy.com/sell/product-detail?id=3362934607975
Your Shape Motion Camera (No Game),0.50,0.90,2.00,0.40,25.0%,45.0%,Wii Accessories,797,"Wii, Gaming Accessories",In Store Only,330721165YSMC,https://au.webuy.com/sell/product-detail?id=330721165YSMC
RockBand 3 Wii Mustang Pro Guitar,11.00,17.00,32.00,6.00,34.4%,53.1%,Wii Accessories,797,"Wii, Gaming Accessories",Out of Stock,072865802WIMG,https://au.webuy.com/sell/product-detail?id=072865802WIMG
Nintendo Wii RGB Cable,0.70,1.40,5.00,0.70,14.0%,28.0%,Wii Accessories,797,"Wii, Gaming Accessories",Out of Stock,045496352004,https://au.webuy.com/sell/product-detail?id=045496352004
Biggest Loser Jump Rope,0.30,0.50,2.00,0.20,15.0%,25.0%,Wii Accessories,797,"Wii, Gaming Accessories",Store & Online,021331791580,https://au.webuy.com/sell/product-detail?id=021331791580
"Nintendo Wii Official Remote Plus Black, B",26.00,41.00,75.00,15.00,34.7%,54.7%,Wii Controllers,1109,"Wii, Gaming Accessories, Gaming Controllers",Store & Online,045496890599,https://au.webuy.com/sell/product-detail?id=045496890599
"Nintendo Wii Official Nunchuck Black, B",4.00,6.00,15.00,2.00,26.7%,40.0%,Wii Controllers,1109,"Wii, Gaming Accessories, Gaming Controllers",Store & Online,SWIIWIIE004B,https://au.webuy.com/sell/product-detail?id=SWIIWIIE004B
"Nintendo Wii Official Classic Controller, B",7.00,12.00,22.00,5.00,31.8%,54.5%,Wii Controllers,1109,"Wii, Gaming Accessories, Gaming Controllers",Store & Online,045496890056,https://au.webuy.com/sell/product-detail?id=045496890056
"Nintendo Wii Official Remote White, B",14.00,22.00,50.00,8.00,28.0%,44.0%,Wii Controllers,1109,"Wii, Gaming Accessories, Gaming Controllers",Store & Online,SWIIWIIE002,https://au.webuy.com/sell/product-detail?id=SWIIWIIE002
"Nintendo Wii Official Nunchuck White, B",2.00,4.00,15.00,2.00,13.3%,26.7%,Wii Controllers,1109,"Wii, Gaming Accessories, Gaming Controllers",Store & Online,SWIIWIIE004,https://au.webuy.com/sell/product-detail?id=SWIIWIIE004
"Nintendo Wii Official Remote Plus Red, B",28.00,44.00,80.00,16.00,35.0%,55.0%,Wii Controllers,1109,"Wii, Gaming Accessories, Gaming Controllers",Store & Online,SWIIREMMOTP001,https://au.webuy.com/sell/product-detail?id=SWIIREMMOTP001
"Nintendo Wii Official Remote Blue, B",18.00,28.00,52.00,10.00,34.6%,53.8%,Wii Controllers,1109,"Wii, Gaming Accessories, Gaming Controllers",Store & Online,SWIIWIIE002BLU,https://au.webuy.com/sell/product-detail?id=SWIIWIIE002BLU
"Value Wii Nunchuck - Wired, B",0.05,0.05,1.00,0.00,5.0%,5.0%,Wii Controllers,1109,"Wii, Gaming Accessories, Gaming Controllers",Store & Online,SWIIVALUE21,https://au.webuy.com/sell/product-detail?id=SWIIVALUE21
"Nintendo Wii Official Remote Pink, B",21.00,33.00,60.00,12.00,35.0%,55.0%,Wii Controllers,1109,"Wii, Gaming Accessories, Gaming Controllers",Store & Online,SWIIWIIE002PIN,https://au.webuy.com/sell/product-detail?id=SWIIWIIE002PIN
"Nintendo Wii Official Remote Black, B",18.00,28.00,52.00,10.00,34.6%,53.8%,Wii Controllers,1109,"Wii, Gaming Accessories, Gaming Controllers",Store & Online,SWIIWIIE002BL,https://au.webuy.com/sell/product-detail?id=SWIIWIIE002BL
"Value Wii Remote, B",11.00,18.00,40.00,7.00,27.5%,45.0%,Wii Controllers,1109,"Wii, Gaming Accessories, Gaming Controllers",Store & Online,SWIIVALUE33,https://au.webuy.com/sell/product-detail?id=SWIIVALUE33
"Nintendo Wii Official Remote Plus White, B",26.00,41.00,75.00,15.00,34.7%,54.7%,Wii Controllers,1109,"Wii, Gaming Accessories, Gaming Controllers",Store & Online,045496890629,https://au.webuy.com/sell/product-detail?id=045496890629
"Nintendo Wii Official Remote White, C",11.00,18.00,42.00,7.00,26.2%,42.9%,Wii Controllers,1109,"Wii, Gaming Accessories, Gaming Controllers",Store & Online,SWIIWIIE002C,https://au.webuy.com/sell/product-detail?id=SWIIWIIE002C
"Nintendo Wii Official Nunchuck White, C",0.90,1.60,6.00,0.70,15.0%,26.7%,Wii Controllers,1109,"Wii, Gaming Accessories, Gaming Controllers",Store & Online,SWIIWIIE004C,https://au.webuy.com/sell/product-detail?id=SWIIWIIE004C
"Wii/Wii U Official Remote Plus Mario Red, B",28.00,45.00,82.00,17.00,34.1%,54.9%,Wii Controllers,1109,"Wii, Gaming Accessories, Gaming Controllers",Store & Online,0045496321215,https://au.webuy.com/sell/product-detail?id=0045496321215
"Value Wii Classic Wired Controller, B",3.00,5.00,12.00,2.00,25.0%,41.7%,Wii Controllers,1109,"Wii, Gaming Accessories, Gaming Controllers",Store & Online,SWIIVALUE37,https://au.webuy.com/sell/product-detail?id=SWIIVALUE37
"Nintendo Wii Official Classic Black Controller Pro, B",14.00,22.00,40.00,8.00,35.0%,55.0%,Wii Controllers,1109,"Wii, Gaming Accessories, Gaming Controllers",Store & Online,045496890421,https://au.webuy.com/sell/product-detail?id=045496890421
"Nintendo Wii Official Remote Plus Blue, B",25.00,39.00,72.00,14.00,34.7%,54.2%,Wii Controllers,1109,"Wii, Gaming Accessories, Gaming Controllers",Store & Online,045496890605,https://au.webuy.com/sell/product-detail?id=045496890605
"Wii/Wii U Official Remote Plus Yoshi, B",35.00,55.00,100.00,20.00,35.0%,55.0%,Wii Controllers,1109,"Wii, Gaming Accessories, Gaming Controllers",Store & Online,4902370521801,https://au.webuy.com/sell/product-detail?id=4902370521801
"Nintendo Wii Official Remote Plus Pink, B",26.00,41.00,75.00,15.00,34.7%,54.7%,Wii Controllers,1109,"Wii, Gaming Accessories, Gaming Controllers",Store & Online,045496890612,https://au.webuy.com/sell/product-detail?id=045496890612
"Value Wii Classic Wired Controller Pro, B",7.00,11.00,20.00,4.00,35.0%,55.0%,Wii Controllers,1109,"Wii, Gaming Accessories, Gaming Controllers",Store & Online,SWIIVALUE42,https://au.webuy.com/sell/product-detail?id=SWIIVALUE42
"Nintendo Wii Official Classic White Controller Pro, B",14.00,22.00,40.00,8.00,35.0%,55.0%,Wii Controllers,1109,"Wii, Gaming Accessories, Gaming Controllers",Store & Online,SWIININOCLAPRO,https://au.webuy.com/sell/product-detail?id=SWIININOCLAPRO
"Nintendo Wii Official Nunchuck Red, B",7.00,12.00,28.00,5.00,25.0%,42.9%,Wii Controllers,1109,"Wii, Gaming Accessories, Gaming Controllers",Store & Online,SWIIWIIE004R,https://au.webuy.com/sell/product-detail?id=SWIIWIIE004R
"Value Wii Remote Plus, B",11.00,18.00,40.00,7.00,27.5%,45.0%,Wii Controllers,1109,"Wii, Gaming Accessories, Gaming Controllers",Store & Online,SWIIVALUE33P,https://au.webuy.com/sell/product-detail?id=SWIIVALUE33P
"Wii/Wii U Official Remote Plus Luigi Green, B",33.00,52.00,95.00,19.00,34.7%,54.7%,Wii Controllers,1109,"Wii, Gaming Accessories, Gaming Controllers",Store & Online,04549689061G,https://au.webuy.com/sell/product-detail?id=04549689061G
"Nintendo Wii Official Remote Blue, C",15.00,24.00,45.00,9.00,33.3%,53.3%,Wii Controllers,1109,"Wii, Gaming Accessories, Gaming Controllers",Store & Online,SWIIWIIE002BLUC,https://au.webuy.com/sell/product-detail?id=SWIIWIIE002BLUC
"Nintendo Wii Official Remote Black, C",16.00,26.00,48.00,10.00,33.3%,54.2%,Wii Controllers,1109,"Wii, Gaming Accessories, Gaming Controllers",Store & Online,SWIIWIIE002BLC,https://au.webuy.com/sell/product-detail?id=SWIIWIIE002BLC
"Nintendo Wii Official Remote Plus Blue, C",22.00,35.00,65.00,13.00,33.8%,53.8%,Wii Controllers,1109,"Wii, Gaming Accessories, Gaming Controllers",Store & Online,045496890605C,https://au.webuy.com/sell/product-detail?id=045496890605C
"Value Wii Remote, C",10.00,17.00,38.00,7.00,26.3%,44.7%,Wii Controllers,1109,"Wii, Gaming Accessories, Gaming Controllers",Store & Online,SWIIVALUE33C,https://au.webuy.com/sell/product-detail?id=SWIIVALUE33C
"Wii Classic Controller Pro Gold, B",14.00,23.00,42.00,9.00,33.3%,54.8%,Wii Controllers,1109,"Wii, Gaming Accessories, Gaming Controllers",Store & Online,SACCWIICLAPROCON,https://au.webuy.com/sell/product-detail?id=SACCWIICLAPROCON
"Wii/Wii U Official Remote Plus Princess Peach, B",36.00,57.00,105.00,21.00,34.3%,54.3%,Wii Controllers,1109,"Wii, Gaming Accessories, Gaming Controllers",Store & Online,4902370521795,https://au.webuy.com/sell/product-detail?id=4902370521795
"Nintendo Wii/Wii U Official Zelda Remote Plus, B",35.00,55.00,100.00,20.00,35.0%,55.0%,Wii Controllers,1109,"Wii, Gaming Accessories, Gaming Controllers",Store & Online,04549640ZERP,https://au.webuy.com/sell/product-detail?id=04549640ZERP
"Wii/Wii U Official Remote Plus Yoshi, A",36.00,57.00,105.00,21.00,34.3%,54.3%,Wii Controllers,1109,"Wii, Gaming Accessories, Gaming Controllers",Out of Stock,4902370521801A,https://au.webuy.com/sell/product-detail?id=4902370521801A
"Wii/Wii U Official Remote Plus Bowser Yellow, B",31.00,49.00,90.00,18.00,34.4%,54.4%,Wii Controllers,1109,"Wii, Gaming Accessories, Gaming Controllers",Store & Online,04549689061BY,https://au.webuy.com/sell/product-detail?id=04549689061BY
"Nintendo Wii Official Remote Plus Black, C",24.00,38.00,70.00,14.00,34.3%,54.3%,Wii Controllers,1109,"Wii, Gaming Accessories, Gaming Controllers",Store & Online,045496890599C,https://au.webuy.com/sell/product-detail?id=045496890599C
"Nintendo Wii Official Classic Controller, C",7.00,11.00,20.00,4.00,35.0%,55.0%,Wii Controllers,1109,"Wii, Gaming Accessories, Gaming Controllers",Store & Online,045496890056C,https://au.webuy.com/sell/product-detail?id=045496890056C
"Nintendo Wii Official Remote Plus Pink, C",24.00,38.00,70.00,14.00,34.3%,54.3%,Wii Controllers,1109,"Wii, Gaming Accessories, Gaming Controllers",Store & Online,045496890612C,https://au.webuy.com/sell/product-detail?id=045496890612C
"Value Wii Remote Plus, C",9.00,15.00,35.00,6.00,25.7%,42.9%,Wii Controllers,1109,"Wii, Gaming Accessories, Gaming Controllers",Store & Online,SWIIVALUE33PC,https://au.webuy.com/sell/product-detail?id=SWIIVALUE33PC
"Doctor Who Sonic Screwdriver Wii Remote, B",14.00,23.00,42.00,9.00,33.3%,54.8%,Wii Controllers,1109,"Wii, Gaming Accessories, Gaming Controllers",Out of Stock,SWIIDWSSD,https://au.webuy.com/sell/product-detail?id=SWIIDWSSD
"Goldeneye 007 Gold Controller, B",14.00,23.00,42.00,9.00,33.3%,54.8%,Wii Controllers,1109,"Wii, Gaming Accessories, Gaming Controllers",Store & Online,503091709GEWC,https://au.webuy.com/sell/product-detail?id=503091709GEWC
"Wii/Wii U Official Remote Plus Toad White, B",36.00,57.00,105.00,21.00,34.3%,54.3%,Wii Controllers,1109,"Wii, Gaming Accessories, Gaming Controllers",Out of Stock,045496892463,https://au.webuy.com/sell/product-detail?id=045496892463
"Nintendo Wii Official Nunchuck Blue, B",10.00,16.00,30.00,6.00,33.3%,53.3%,Wii Controllers,1109,"Wii, Gaming Accessories, Gaming Controllers",Out of Stock,SWIIWIIE004BL,https://au.webuy.com/sell/product-detail?id=SWIIWIIE004BL
"Value Wii Nunchuck - Wireless, B",1.60,2.00,6.00,0.40,26.7%,33.3%,Wii Controllers,1109,"Wii, Gaming Accessories, Gaming Controllers",Store & Online,5016743074111,https://au.webuy.com/sell/product-detail?id=5016743074111
"Wii/Wii U Official Remote Plus Toad White, A",38.00,60.00,110.00,22.00,34.5%,54.5%,Wii Controllers,1109,"Wii, Gaming Accessories, Gaming Controllers",Out of Stock,045496892463A,https://au.webuy.com/sell/product-detail?id=045496892463A
"Nintendo Wii Official Nunchuck Red, C",7.00,11.00,25.00,4.00,28.0%,44.0%,Wii Controllers,1109,"Wii, Gaming Accessories, Gaming Controllers",Out of Stock,SWIIWIIE004RC,https://au.webuy.com/sell/product-detail?id=SWIIWIIE004RC
"Nintendo Wii Official Nunchuck Red, A",8.00,14.00,32.00,6.00,25.0%,43.8%,Wii Controllers,1109,"Wii, Gaming Accessories, Gaming Controllers",Out of Stock,SWIIWIIE004RA,https://au.webuy.com/sell/product-detail?id=SWIIWIIE004RA
"Nintendo Wii Official Nunchuck Blue, C",8.00,13.00,25.00,5.00,32.0%,52.0%,Wii Controllers,1109,"Wii, Gaming Accessories, Gaming Controllers",Store & Online,SWIIWIIE004BLC,https://au.webuy.com/sell/product-detail?id=SWIIWIIE004BLC
"Nintendo Wii Official Nunchuck Blue, A",11.00,17.00,32.00,6.00,34.4%,53.1%,Wii Controllers,1109,"Wii, Gaming Accessories, Gaming Controllers",Out of Stock,SWIIWIIE004BLA,https://au.webuy.com/sell/product-detail?id=SWIIWIIE004BLA
"Nintendo Wii Official Nunchuck Black, C",3.00,5.00,12.00,2.00,25.0%,41.7%,Wii Controllers,1109,"Wii, Gaming Accessories, Gaming Controllers",Store & Online,SWIIWIIE004BC,https://au.webuy.com/sell/product-detail?id=SWIIWIIE004BC
"Nintendo Wii Official Nunchuck Black, A",8.00,14.00,32.00,6.00,25.0%,43.8%,Wii Controllers,1109,"Wii, Gaming Accessories, Gaming Controllers",Out of Stock,SWIIWIIE004BA,https://au.webuy.com/sell/product-detail?id=SWIIWIIE004BA
"Nintendo Wii Official Nunchuck White, A",4.00,8.00,30.00,4.00,13.3%,26.7%,Wii Controllers,1109,"Wii, Gaming Accessories, Gaming Controllers",Out of Stock,SWIIWIIE004A,https://au.webuy.com/sell/product-detail?id=SWIIWIIE004A
"Nintendo Wii Official Remote Pink, C",17.00,27.00,50.00,10.00,34.0%,54.0%,Wii Controllers,1109,"Wii, Gaming Accessories, Gaming Controllers",Store & Online,SWIIWIIE002PINC,https://au.webuy.com/sell/product-detail?id=SWIIWIIE002PINC
"Nintendo Wii Official Remote Pink, A",22.00,35.00,65.00,13.00,33.8%,53.8%,Wii Controllers,1109,"Wii, Gaming Accessories, Gaming Controllers",Out of Stock,SWIIWIIE002PINA,https://au.webuy.com/sell/product-detail?id=SWIIWIIE002PINA
"Nintendo Wii Official Remote Blue, A",20.00,31.00,58.00,11.00,34.5%,53.4%,Wii Controllers,1109,"Wii, Gaming Accessories, Gaming Controllers",Out of Stock,SWIIWIIE002BLUA,https://au.webuy.com/sell/product-detail?id=SWIIWIIE002BLUA
"Nintendo Wii Official Remote Black, A",21.00,34.00,62.00,13.00,33.9%,54.8%,Wii Controllers,1109,"Wii, Gaming Accessories, Gaming Controllers",Out of Stock,SWIIWIIE002BLA,https://au.webuy.com/sell/product-detail?id=SWIIWIIE002BLA
"Nintendo Wii Official Remote White, A",19.00,30.00,68.00,11.00,27.9%,44.1%,Wii Controllers,1109,"Wii, Gaming Accessories, Gaming Controllers",Out of Stock,SWIIWIIE002A,https://au.webuy.com/sell/product-detail?id=SWIIWIIE002A
"Value Wii Arcade Stick, C",3.00,5.00,12.00,2.00,25.0%,41.7%,Wii Controllers,1109,"Wii, Gaming Accessories, Gaming Controllers",Out of Stock,SWIIVALUE49C,https://au.webuy.com/sell/product-detail?id=SWIIVALUE49C
"Value Wii Arcade Stick, A",5.00,8.00,18.00,3.00,27.8%,44.4%,Wii Controllers,1109,"Wii, Gaming Accessories, Gaming Controllers",Out of Stock,SWIIVALUE49A,https://au.webuy.com/sell/product-detail?id=SWIIVALUE49A
"Value Wii Arcade Stick, B",4.00,6.00,15.00,2.00,26.7%,40.0%,Wii Controllers,1109,"Wii, Gaming Accessories, Gaming Controllers",Out of Stock,SWIIVALUE49,https://au.webuy.com/sell/product-detail?id=SWIIVALUE49
"Value Wii Classic Wired Controller Pro, C",4.00,6.00,12.00,2.00,33.3%,50.0%,Wii Controllers,1109,"Wii, Gaming Accessories, Gaming Controllers",Out of Stock,SWIIVALUE42C,https://au.webuy.com/sell/product-detail?id=SWIIVALUE42C
"Value Wii Classic Wired Controller Pro, A",7.00,12.00,22.00,5.00,31.8%,54.5%,Wii Controllers,1109,"Wii, Gaming Accessories, Gaming Controllers",Out of Stock,SWIIVALUE42A,https://au.webuy.com/sell/product-detail?id=SWIIVALUE42A
"Value Wii Classic Wired Controller, C",2.00,4.00,10.00,2.00,20.0%,40.0%,Wii Controllers,1109,"Wii, Gaming Accessories, Gaming Controllers",Out of Stock,SWIIVALUE37C,https://au.webuy.com/sell/product-detail?id=SWIIVALUE37C
"Value Wii Classic Wired Controller, A",5.00,9.00,20.00,4.00,25.0%,45.0%,Wii Controllers,1109,"Wii, Gaming Accessories, Gaming Controllers",Out of Stock,SWIIVALUE37A,https://au.webuy.com/sell/product-detail?id=SWIIVALUE37A
"Value Wii Classic Wireless Controller, C",7.00,11.00,25.00,4.00,28.0%,44.0%,Wii Controllers,1109,"Wii, Gaming Accessories, Gaming Controllers",Out of Stock,SWIIVALUE36C,https://au.webuy.com/sell/product-detail?id=SWIIVALUE36C
"Value Wii Classic Wireless Controller, A",8.00,13.00,30.00,5.00,26.7%,43.3%,Wii Controllers,1109,"Wii, Gaming Accessories, Gaming Controllers",Out of Stock,SWIIVALUE36A,https://au.webuy.com/sell/product-detail?id=SWIIVALUE36A
"Value Wii Classic Wireless Controller, B",7.00,12.00,28.00,5.00,25.0%,42.9%,Wii Controllers,1109,"Wii, Gaming Accessories, Gaming Controllers",Store & Online,SWIIVALUE36,https://au.webuy.com/sell/product-detail?id=SWIIVALUE36
"Value Wii Remote Plus, A",12.00,20.00,45.00,8.00,26.7%,44.4%,Wii Controllers,1109,"Wii, Gaming Accessories, Gaming Controllers",Out of Stock,SWIIVALUE33PA,https://au.webuy.com/sell/product-detail?id=SWIIVALUE33PA
"Value Wii Remote, A",12.00,20.00,45.00,8.00,26.7%,44.4%,Wii Controllers,1109,"Wii, Gaming Accessories, Gaming Controllers",Out of Stock,SWIIVALUE33A,https://au.webuy.com/sell/product-detail?id=SWIIVALUE33A
"Value Wii Nunchuck - Wired, C",0.05,0.05,0.50,0.00,10.0%,10.0%,Wii Controllers,1109,"Wii, Gaming Accessories, Gaming Controllers",Store & Online,SWIIVALUE21C,https://au.webuy.com/sell/product-detail?id=SWIIVALUE21C
"Value Wii Nunchuck - Wired, A",0.05,0.05,1.50,0.00,3.3%,3.3%,Wii Controllers,1109,"Wii, Gaming Accessories, Gaming Controllers",Out of Stock,SWIIVALUE21A,https://au.webuy.com/sell/product-detail?id=SWIIVALUE21A
"Nintendo Wii Official Remote Plus Red, C",22.00,35.00,65.00,13.00,33.8%,53.8%,Wii Controllers,1109,"Wii, Gaming Accessories, Gaming Controllers",Store & Online,SWIIREMMOTP001C,https://au.webuy.com/sell/product-detail?id=SWIIREMMOTP001C
"Nintendo Wii Official Remote Plus Red, A",29.00,46.00,85.00,17.00,34.1%,54.1%,Wii Controllers,1109,"Wii, Gaming Accessories, Gaming Controllers",Out of Stock,SWIIREMMOTP001A,https://au.webuy.com/sell/product-detail?id=SWIIREMMOTP001A
"Overshot Gun W/Incorporated Nunchuck, C",15.00,24.00,45.00,9.00,33.3%,53.3%,Wii Controllers,1109,"Wii, Gaming Accessories, Gaming Controllers",Out of Stock,SWIIOSGUNNUNC,https://au.webuy.com/sell/product-detail?id=SWIIOSGUNNUNC
"Overshot Gun W/Incorporated Nunchuck, A",19.00,30.00,55.00,11.00,34.5%,54.5%,Wii Controllers,1109,"Wii, Gaming Accessories, Gaming Controllers",Out of Stock,SWIIOSGUNNUNA,https://au.webuy.com/sell/product-detail?id=SWIIOSGUNNUNA
"Overshot Gun W/Incorporated Nunchuck, B",17.00,27.00,50.00,10.00,34.0%,54.0%,Wii Controllers,1109,"Wii, Gaming Accessories, Gaming Controllers",Out of Stock,SWIIOSGUNNUN,https://au.webuy.com/sell/product-detail?id=SWIIOSGUNNUN
"Nintendo Wii Official Remote Red, C",21.00,33.00,60.00,12.00,35.0%,55.0%,Wii Controllers,1109,"Wii, Gaming Accessories, Gaming Controllers",Out of Stock,SWIIOFFREDREMMOTC,https://au.webuy.com/sell/product-detail?id=SWIIOFFREDREMMOTC
"Nintendo Wii Official Remote Red, A",26.00,41.00,75.00,15.00,34.7%,54.7%,Wii Controllers,1109,"Wii, Gaming Accessories, Gaming Controllers",Out of Stock,SWIIOFFREDREMMOTA,https://au.webuy.com/sell/product-detail?id=SWIIOFFREDREMMOTA
"Nintendo Wii Official Remote Red, B",24.00,38.00,70.00,14.00,34.3%,54.3%,Wii Controllers,1109,"Wii, Gaming Accessories, Gaming Controllers",Out of Stock,SWIIOFFREDREMMOT,https://au.webuy.com/sell/product-detail?id=SWIIOFFREDREMMOT
"Nintendo Wii Official Red Classic Controller Pro, C",7.00,11.00,20.00,4.00,35.0%,55.0%,Wii Controllers,1109,"Wii, Gaming Accessories, Gaming Controllers",Out of Stock,SWIININOCLAREDPROC,https://au.webuy.com/sell/product-detail?id=SWIININOCLAREDPROC
"Nintendo Wii Official Red Classic Controller Pro, A",8.00,13.00,25.00,5.00,32.0%,52.0%,Wii Controllers,1109,"Wii, Gaming Accessories, Gaming Controllers",Out of Stock,SWIININOCLAREDPROA,https://au.webuy.com/sell/product-detail?id=SWIININOCLAREDPROA
"Nintendo Wii Official Red Classic Controller Pro, B",7.00,12.00,22.00,5.00,31.8%,54.5%,Wii Controllers,1109,"Wii, Gaming Accessories, Gaming Controllers",Out of Stock,SWIININOCLAREDPRO,https://au.webuy.com/sell/product-detail?id=SWIININOCLAREDPRO
"Nintendo Wii Official Classic White Controller Pro, C",12.00,19.00,35.00,7.00,34.3%,54.3%,Wii Controllers,1109,"Wii, Gaming Accessories, Gaming Controllers",Store & Online,SWIININOCLAPROC,https://au.webuy.com/sell/product-detail?id=SWIININOCLAPROC
"Nintendo Wii Official Classic White Controller Pro, A",17.00,27.00,50.00,10.00,34.0%,54.0%,Wii Controllers,1109,"Wii, Gaming Accessories, Gaming Controllers",Out of Stock,SWIININOCLAPROA,https://au.webuy.com/sell/product-detail?id=SWIININOCLAPROA
"Mad Catz Arcade Stick Tatsunoko Vs Cap, C",11.00,17.00,32.00,6.00,34.4%,53.1%,Wii Controllers,1109,"Wii, Gaming Accessories, Gaming Controllers",Out of Stock,SWIIMADTATSTIC,https://au.webuy.com/sell/product-detail?id=SWIIMADTATSTIC
"Mad Catz Arcade Stick Tatsunoko Vs Cap, A",13.00,20.00,38.00,7.00,34.2%,52.6%,Wii Controllers,1109,"Wii, Gaming Accessories, Gaming Controllers",Out of Stock,SWIIMADTATSTIA,https://au.webuy.com/sell/product-detail?id=SWIIMADTATSTIA
"Mad Catz Arcade Stick Tatsunoko Vs Cap, B",12.00,19.00,35.00,7.00,34.3%,54.3%,Wii Controllers,1109,"Wii, Gaming Accessories, Gaming Controllers",Out of Stock,SWIIMADTATSTI,https://au.webuy.com/sell/product-detail?id=SWIIMADTATSTI
"Logic3 Wireless Nunchuck Adapter, C",0.30,0.50,2.00,0.20,15.0%,25.0%,Wii Controllers,1109,"Wii, Gaming Accessories, Gaming Controllers",Store & Online,SWIILOG3001C,https://au.webuy.com/sell/product-detail?id=SWIILOG3001C
"Logic3 Wireless Nunchuck Adapter, A",0.60,1.10,4.00,0.50,15.0%,27.5%,Wii Controllers,1109,"Wii, Gaming Accessories, Gaming Controllers",Out of Stock,SWIILOG3001A,https://au.webuy.com/sell/product-detail?id=SWIILOG3001A
"Logic3 Wireless Nunchuck Adapter, B",0.40,0.80,3.00,0.40,13.3%,26.7%,Wii Controllers,1109,"Wii, Gaming Accessories, Gaming Controllers",Out of Stock,SWIILOG3001,https://au.webuy.com/sell/product-detail?id=SWIILOG3001
"HORI Fighting Stick, C",7.00,12.00,22.00,5.00,31.8%,54.5%,Wii Controllers,1109,"Wii, Gaming Accessories, Gaming Controllers",Out of Stock,SWIIFIGHT001C,https://au.webuy.com/sell/product-detail?id=SWIIFIGHT001C
"HORI Fighting Stick, A",9.00,15.00,28.00,6.00,32.1%,53.6%,Wii Controllers,1109,"Wii, Gaming Accessories, Gaming Controllers",Out of Stock,SWIIFIGHT001A,https://au.webuy.com/sell/product-detail?id=SWIIFIGHT001A
"HORI Fighting Stick, B",8.00,13.00,25.00,5.00,32.0%,52.0%,Wii Controllers,1109,"Wii, Gaming Accessories, Gaming Controllers",Out of Stock,SWIIFIGHT001,https://au.webuy.com/sell/product-detail?id=SWIIFIGHT001
"Doctor Who Sonic Screwdriver Wii Remote, C",14.00,22.00,40.00,8.00,35.0%,55.0%,Wii Controllers,1109,"Wii, Gaming Accessories, Gaming Controllers",Out of Stock,SWIIDWSSDC,https://au.webuy.com/sell/product-detail?id=SWIIDWSSDC
"Doctor Who Sonic Screwdriver Wii Remote, A",15.00,24.00,45.00,9.00,33.3%,53.3%,Wii Controllers,1109,"Wii, Gaming Accessories, Gaming Controllers",Out of Stock,SWIIDWSSDA,https://au.webuy.com/sell/product-detail?id=SWIIDWSSDA
"Skylanders Giants Mini Remote & Nunchuk, C",1.60,2.00,6.00,0.40,26.7%,33.3%,Wii Controllers,1109,"Wii, Gaming Accessories, Gaming Controllers",Out of Stock,SACCWIIUSKYMRNC,https://au.webuy.com/sell/product-detail?id=SACCWIIUSKYMRNC
"Skylanders Giants Mini Remote & Nunchuk, A",2.00,4.00,10.00,2.00,20.0%,40.0%,Wii Controllers,1109,"Wii, Gaming Accessories, Gaming Controllers",Out of Stock,SACCWIIUSKYMRNA,https://au.webuy.com/sell/product-detail?id=SACCWIIUSKYMRNA
"Skylanders Giants Mini Remote & Nunchuk, B",2.00,3.00,8.00,1.00,25.0%,37.5%,Wii Controllers,1109,"Wii, Gaming Accessories, Gaming Controllers",Out of Stock,SACCWIIUSKYMRN,https://au.webuy.com/sell/product-detail?id=SACCWIIUSKYMRN
"Wii Classic Controller Pro Gold, C",13.00,20.00,38.00,7.00,34.2%,52.6%,Wii Controllers,1109,"Wii, Gaming Accessories, Gaming Controllers",Out of Stock,SACCWIICLAPROCONC,https://au.webuy.com/sell/product-detail?id=SACCWIICLAPROCONC
"Wii Classic Controller Pro Gold, A",16.00,26.00,48.00,10.00,33.3%,54.2%,Wii Controllers,1109,"Wii, Gaming Accessories, Gaming Controllers",Out of Stock,SACCWIICLAPROCONA,https://au.webuy.com/sell/product-detail?id=SACCWIICLAPROCONA
"Goldeneye 007 Gold Controller, C",13.00,20.00,38.00,7.00,34.2%,52.6%,Wii Controllers,1109,"Wii, Gaming Accessories, Gaming Controllers",Out of Stock,503091709GEWCC,https://au.webuy.com/sell/product-detail?id=503091709GEWCC
"Goldeneye 007 Gold Controller, A",16.00,26.00,48.00,10.00,33.3%,54.2%,Wii Controllers,1109,"Wii, Gaming Accessories, Gaming Controllers",Out of Stock,503091709GEWCA,https://au.webuy.com/sell/product-detail?id=503091709GEWCA
"Value Wii Nunchuck - Wireless, C",0.80,1.30,3.00,0.50,26.7%,43.3%,Wii Controllers,1109,"Wii, Gaming Accessories, Gaming Controllers",Out of Stock,5016743074111C,https://au.webuy.com/sell/product-detail?id=5016743074111C
"Value Wii Nunchuck - Wireless, A",2.00,3.00,8.00,1.00,25.0%,37.5%,Wii Controllers,1109,"Wii, Gaming Accessories, Gaming Controllers",Out of Stock,5016743074111A,https://au.webuy.com/sell/product-detail?id=5016743074111A
"Wii/Wii U Official Remote Plus Yoshi, C",31.00,49.00,90.00,18.00,34.4%,54.4%,Wii Controllers,1109,"Wii, Gaming Accessories, Gaming Controllers",Out of Stock,4902370521801C,https://au.webuy.com/sell/product-detail?id=4902370521801C
"Wii/Wii U Official Remote Plus Princess Peach, C",29.00,46.00,85.00,17.00,34.1%,54.1%,Wii Controllers,1109,"Wii, Gaming Accessories, Gaming Controllers",Out of Stock,4902370521795C,https://au.webuy.com/sell/product-detail?id=4902370521795C
"Wii/Wii U Official Remote Plus Princess Peach, A",38.00,60.00,110.00,22.00,34.5%,54.5%,Wii Controllers,1109,"Wii, Gaming Accessories, Gaming Controllers",Out of Stock,4902370521795A,https://au.webuy.com/sell/product-detail?id=4902370521795A
"Nintendo Wii Official SNES Controller, C",11.00,17.00,32.00,6.00,34.4%,53.1%,Wii Controllers,1109,"Wii, Gaming Accessories, Gaming Controllers",Out of Stock,04549689OWSNC,https://au.webuy.com/sell/product-detail?id=04549689OWSNC
"Nintendo Wii Official SNES Controller, A",14.00,23.00,42.00,9.00,33.3%,54.8%,Wii Controllers,1109,"Wii, Gaming Accessories, Gaming Controllers",Out of Stock,04549689OWSNA,https://au.webuy.com/sell/product-detail?id=04549689OWSNA
"Nintendo Wii Official SNES Controller, B",14.00,22.00,40.00,8.00,35.0%,55.0%,Wii Controllers,1109,"Wii, Gaming Accessories, Gaming Controllers",Store & Online,04549689OWSN,https://au.webuy.com/sell/product-detail?id=04549689OWSN
"Wii/Wii U Official Remote Plus Toad White, C",31.00,49.00,90.00,18.00,34.4%,54.4%,Wii Controllers,1109,"Wii, Gaming Accessories, Gaming Controllers",Out of Stock,045496892463C,https://au.webuy.com/sell/product-detail?id=045496892463C
"Nintendo Wii Official Remote Plus White, C",21.00,33.00,60.00,12.00,35.0%,55.0%,Wii Controllers,1109,"Wii, Gaming Accessories, Gaming Controllers",Store & Online,045496890629C,https://au.webuy.com/sell/product-detail?id=045496890629C
"Nintendo Wii Official Remote Plus White, A",28.00,44.00,80.00,16.00,35.0%,55.0%,Wii Controllers,1109,"Wii, Gaming Accessories, Gaming Controllers",Out of Stock,045496890629A,https://au.webuy.com/sell/product-detail?id=045496890629A
"Wii/Wii U Official Remote Plus Luigi Green, C",28.00,44.00,80.00,16.00,35.0%,55.0%,Wii Controllers,1109,"Wii, Gaming Accessories, Gaming Controllers",Out of Stock,04549689061GC,https://au.webuy.com/sell/product-detail?id=04549689061GC
"Wii/Wii U Official Remote Plus Luigi Green, A",35.00,55.00,100.00,20.00,35.0%,55.0%,Wii Controllers,1109,"Wii, Gaming Accessories, Gaming Controllers",Out of Stock,04549689061GA,https://au.webuy.com/sell/product-detail?id=04549689061GA
"Wii/Wii U Official Remote Plus Bowser Yellow, C",26.00,41.00,75.00,15.00,34.7%,54.7%,Wii Controllers,1109,"Wii, Gaming Accessories, Gaming Controllers",Out of Stock,04549689061BYC,https://au.webuy.com/sell/product-detail?id=04549689061BYC
"Wii/Wii U Official Remote Plus Bowser Yellow, A",33.00,52.00,95.00,19.00,34.7%,54.7%,Wii Controllers,1109,"Wii, Gaming Accessories, Gaming Controllers",Out of Stock,04549689061BYA,https://au.webuy.com/sell/product-detail?id=04549689061BYA
"Nintendo Wii Official Remote Plus Pink, A",28.00,44.00,80.00,16.00,35.0%,55.0%,Wii Controllers,1109,"Wii, Gaming Accessories, Gaming Controllers",Out of Stock,045496890612A,https://au.webuy.com/sell/product-detail?id=045496890612A
"Nintendo Wii Official Remote Plus Blue, A",28.00,44.00,80.00,16.00,35.0%,55.0%,Wii Controllers,1109,"Wii, Gaming Accessories, Gaming Controllers",Out of Stock,045496890605A,https://au.webuy.com/sell/product-detail?id=045496890605A
"Nintendo Wii Official Remote Plus Black, A",28.00,44.00,80.00,16.00,35.0%,55.0%,Wii Controllers,1109,"Wii, Gaming Accessories, Gaming Controllers",Out of Stock,045496890599A,https://au.webuy.com/sell/product-detail?id=045496890599A
"Nintendo Wii Official Classic Black Controller Pro, C",11.00,17.00,32.00,6.00,34.4%,53.1%,Wii Controllers,1109,"Wii, Gaming Accessories, Gaming Controllers",Out of Stock,045496890421C,https://au.webuy.com/sell/product-detail?id=045496890421C
"Nintendo Wii Official Classic Black Controller Pro, A",14.00,23.00,42.00,9.00,33.3%,54.8%,Wii Controllers,1109,"Wii, Gaming Accessories, Gaming Controllers",Out of Stock,045496890421A,https://au.webuy.com/sell/product-detail?id=045496890421A
"Nintendo Wii Official Classic Controller, A",13.00,20.00,38.00,7.00,34.2%,52.6%,Wii Controllers,1109,"Wii, Gaming Accessories, Gaming Controllers",Out of Stock,045496890056A,https://au.webuy.com/sell/product-detail?id=045496890056A
"Nintendo Wii/Wii U Official Zelda Remote Plus, C",31.00,49.00,90.00,18.00,34.4%,54.4%,Wii Controllers,1109,"Wii, Gaming Accessories, Gaming Controllers",Out of Stock,04549640ZERPC,https://au.webuy.com/sell/product-detail?id=04549640ZERPC
"Nintendo Wii/Wii U Official Zelda Remote Plus, A",36.00,57.00,105.00,21.00,34.3%,54.3%,Wii Controllers,1109,"Wii, Gaming Accessories, Gaming Controllers",Out of Stock,04549640ZERPA,https://au.webuy.com/sell/product-detail?id=04549640ZERPA
"Wii/Wii U Official Remote Plus Mario Red, C",26.00,41.00,75.00,15.00,34.7%,54.7%,Wii Controllers,1109,"Wii, Gaming Accessories, Gaming Controllers",Out of Stock,0045496321215C,https://au.webuy.com/sell/product-detail?id=0045496321215C
"Wii/Wii U Official Remote Plus Mario Red, A",30.00,48.00,88.00,18.00,34.1%,54.5%,Wii Controllers,1109,"Wii, Gaming Accessories, Gaming Controllers",Out of Stock,0045496321215A,https://au.webuy.com/sell/product-detail?id=0045496321215A
"Wii Party (Game Only), + Manual, Boxed",29.00,46.00,85.00,17.00,34.1%,54.1%,Wii Rarities,1119,"Wii, Gaming Software",Store & Online,SLEGWIIS1236B,https://au.webuy.com/sell/product-detail?id=SLEGWIIS1236B
"Fire Emblem: Radiant Dawn, No Manual, Boxed",80.00,104.00,160.00,24.00,50.0%,65.0%,Wii Rarities,1119,"Wii, Gaming Software",Store & Online,SLEGWIIS382C,https://au.webuy.com/sell/product-detail?id=SLEGWIIS382C
"Wii Party (Game Only), No Manual, Boxed",28.00,44.00,80.00,16.00,35.0%,55.0%,Wii Rarities,1119,"Wii, Gaming Software",Store & Online,SLEGWIIS1236C,https://au.webuy.com/sell/product-detail?id=SLEGWIIS1236C
"Pokepark 2: Wonders Beyond, + Manual, Boxed",31.00,49.00,90.00,18.00,34.4%,54.4%,Wii Rarities,1119,"Wii, Gaming Software",Store & Online,SLEGWIIS861B,https://au.webuy.com/sell/product-detail?id=SLEGWIIS861B
"Muramasa: The Demon Blade, + Manual, Boxed",57.00,74.00,115.00,17.00,49.6%,64.3%,Wii Rarities,1119,"Wii, Gaming Software",Store & Online,SLEGWIIS729B,https://au.webuy.com/sell/product-detail?id=SLEGWIIS729B
"Manhunt 2 (18), + Manual, Boxed",29.00,46.00,85.00,17.00,34.1%,54.1%,Wii Rarities,1119,"Wii, Gaming Software",Store & Online,SLEGWIIS655B,https://au.webuy.com/sell/product-detail?id=SLEGWIIS655B
"Punch-Out!!, + Manual, Boxed",52.00,68.00,105.00,16.00,49.5%,64.8%,Wii Rarities,1119,"Wii, Gaming Software",Store & Online,SLEGWIIS884B,https://au.webuy.com/sell/product-detail?id=SLEGWIIS884B
"Punch-Out!!, Mint",75.00,97.00,150.00,22.00,50.0%,64.7%,Wii Rarities,1119,"Wii, Gaming Software",Out of Stock,SLEGWIIS884A,https://au.webuy.com/sell/product-detail?id=SLEGWIIS884A
"Metroid Prime: Trilogy, + Manual, Boxed",70.00,91.00,140.00,21.00,50.0%,65.0%,Wii Rarities,1119,"Wii, Gaming Software",Store & Online,SLEGWIIS692B,https://au.webuy.com/sell/product-detail?id=SLEGWIIS692B
"Wii Party (Game Only), Mint",33.00,52.00,95.00,19.00,34.7%,54.7%,Wii Rarities,1119,"Wii, Gaming Software",Store & Online,SLEGWIIS1236A,https://au.webuy.com/sell/product-detail?id=SLEGWIIS1236A
"Silent Hill: Shattered Memories, No Manual, Boxed",90.00,117.00,180.00,27.00,50.0%,65.0%,Wii Rarities,1119,"Wii, Gaming Software",Out of Stock,SLEGWIIS995C,https://au.webuy.com/sell/product-detail?id=SLEGWIIS995C
"Silent Hill: Shattered Memories, + Manual, Boxed",110.00,143.00,220.00,33.00,50.0%,65.0%,Wii Rarities,1119,"Wii, Gaming Software",Out of Stock,SLEGWIIS995B,https://au.webuy.com/sell/product-detail?id=SLEGWIIS995B
"Silent Hill: Shattered Memories, Mint",144.00,168.00,240.00,24.00,60.0%,70.0%,Wii Rarities,1119,"Wii, Gaming Software",Out of Stock,SLEGWIIS995A,https://au.webuy.com/sell/product-detail?id=SLEGWIIS995A
"Punch-Out!!, No Manual, Boxed",50.00,65.00,100.00,15.00,50.0%,65.0%,Wii Rarities,1119,"Wii, Gaming Software",Store & Online,SLEGWIIS884C,https://au.webuy.com/sell/product-detail?id=SLEGWIIS884C
"Project Zero 2 (16), No Manual, Boxed",28.00,44.00,80.00,16.00,35.0%,55.0%,Wii Rarities,1119,"Wii, Gaming Software",Out of Stock,SLEGWIIS883C,https://au.webuy.com/sell/product-detail?id=SLEGWIIS883C
"Project Zero 2 (16), + Manual, Boxed",29.00,46.00,85.00,17.00,34.1%,54.1%,Wii Rarities,1119,"Wii, Gaming Software",Store & Online,SLEGWIIS883B,https://au.webuy.com/sell/product-detail?id=SLEGWIIS883B
"Project Zero 2 (16), Mint",38.00,60.00,110.00,22.00,34.5%,54.5%,Wii Rarities,1119,"Wii, Gaming Software",Out of Stock,SLEGWIIS883A,https://au.webuy.com/sell/product-detail?id=SLEGWIIS883A
"Pokepark 2: Wonders Beyond, No Manual, Boxed",28.00,44.00,80.00,16.00,35.0%,55.0%,Wii Rarities,1119,"Wii, Gaming Software",Out of Stock,SLEGWIIS861C,https://au.webuy.com/sell/product-detail?id=SLEGWIIS861C
"Pokepark 2: Wonders Beyond, Mint",47.00,61.00,95.00,14.00,49.5%,64.2%,Wii Rarities,1119,"Wii, Gaming Software",Store & Online,SLEGWIIS861A,https://au.webuy.com/sell/product-detail?id=SLEGWIIS861A
"Pandora's Tower, No Manual, Boxed",45.00,58.00,90.00,13.00,50.0%,64.4%,Wii Rarities,1119,"Wii, Gaming Software",Out of Stock,SLEGWIIS830C,https://au.webuy.com/sell/product-detail?id=SLEGWIIS830C
"Pandora's Tower, + Manual, Boxed",67.00,87.00,135.00,20.00,49.6%,64.4%,Wii Rarities,1119,"Wii, Gaming Software",Out of Stock,SLEGWIIS830B,https://au.webuy.com/sell/product-detail?id=SLEGWIIS830B
"Pandora's Tower, Mint",75.00,97.00,150.00,22.00,50.0%,64.7%,Wii Rarities,1119,"Wii, Gaming Software",Out of Stock,SLEGWIIS830A,https://au.webuy.com/sell/product-detail?id=SLEGWIIS830A
"Muramasa: The Demon Blade, No Manual, Boxed",29.00,46.00,85.00,17.00,34.1%,54.1%,Wii Rarities,1119,"Wii, Gaming Software",Store & Online,SLEGWIIS729C,https://au.webuy.com/sell/product-detail?id=SLEGWIIS729C
"Muramasa: The Demon Blade, Mint",60.00,78.00,120.00,18.00,50.0%,65.0%,Wii Rarities,1119,"Wii, Gaming Software",Store & Online,SLEGWIIS729A,https://au.webuy.com/sell/product-detail?id=SLEGWIIS729A
"Metroid Prime: Trilogy, No Manual, Boxed",52.00,68.00,105.00,16.00,49.5%,64.8%,Wii Rarities,1119,"Wii, Gaming Software",Out of Stock,SLEGWIIS692C,https://au.webuy.com/sell/product-detail?id=SLEGWIIS692C
"Metroid Prime: Trilogy, Mint",75.00,97.00,150.00,22.00,50.0%,64.7%,Wii Rarities,1119,"Wii, Gaming Software",Store & Online,SLEGWIIS692A,https://au.webuy.com/sell/product-detail?id=SLEGWIIS692A
"Manhunt 2 (18), No Manual, Boxed",28.00,44.00,80.00,16.00,35.0%,55.0%,Wii Rarities,1119,"Wii, Gaming Software",Store & Online,SLEGWIIS655C,https://au.webuy.com/sell/product-detail?id=SLEGWIIS655C
"Manhunt 2 (18), Mint",50.00,65.00,100.00,15.00,50.0%,65.0%,Wii Rarities,1119,"Wii, Gaming Software",Store & Online,SLEGWIIS655A,https://au.webuy.com/sell/product-detail?id=SLEGWIIS655A
"Last Story, The, No Manual, Boxed",31.00,49.00,90.00,18.00,34.4%,54.4%,Wii Rarities,1119,"Wii, Gaming Software",Out of Stock,SLEGWIIS601C,https://au.webuy.com/sell/product-detail?id=SLEGWIIS601C
"Last Story, The, + Manual, Boxed",70.00,91.00,140.00,21.00,50.0%,65.0%,Wii Rarities,1119,"Wii, Gaming Software",Out of Stock,SLEGWIIS601B,https://au.webuy.com/sell/product-detail?id=SLEGWIIS601B
"Last Story, The, Mint",75.00,97.00,150.00,22.00,50.0%,64.7%,Wii Rarities,1119,"Wii, Gaming Software",Out of Stock,SLEGWIIS601A,https://au.webuy.com/sell/product-detail?id=SLEGWIIS601A
"Harvest Moon: Animal Parade, No Manual, Boxed",29.00,46.00,85.00,17.00,34.1%,54.1%,Wii Rarities,1119,"Wii, Gaming Software",Out of Stock,SLEGWIIS477C,https://au.webuy.com/sell/product-detail?id=SLEGWIIS477C
"Harvest Moon: Animal Parade, + Manual, Boxed",36.00,57.00,105.00,21.00,34.3%,54.3%,Wii Rarities,1119,"Wii, Gaming Software",Out of Stock,SLEGWIIS477B,https://au.webuy.com/sell/product-detail?id=SLEGWIIS477B
"Harvest Moon: Animal Parade, Mint",57.00,74.00,115.00,17.00,49.6%,64.3%,Wii Rarities,1119,"Wii, Gaming Software",Out of Stock,SLEGWIIS477A,https://au.webuy.com/sell/product-detail?id=SLEGWIIS477A
"Fragile Dreams, No Manual, Boxed",55.00,71.00,110.00,16.00,50.0%,64.5%,Wii Rarities,1119,"Wii, Gaming Software",Out of Stock,SLEGWIIS393C,https://au.webuy.com/sell/product-detail?id=SLEGWIIS393C
"Fragile Dreams, + Manual, Boxed",65.00,84.00,130.00,19.00,50.0%,64.6%,Wii Rarities,1119,"Wii, Gaming Software",Out of Stock,SLEGWIIS393B,https://au.webuy.com/sell/product-detail?id=SLEGWIIS393B
"Fragile Dreams, Mint",135.00,157.00,225.00,22.00,60.0%,69.8%,Wii Rarities,1119,"Wii, Gaming Software",Store & Online,SLEGWIIS393A,https://au.webuy.com/sell/product-detail?id=SLEGWIIS393A
"Fire Emblem: Radiant Dawn, + Manual, Boxed",120.00,140.00,200.00,20.00,60.0%,70.0%,Wii Rarities,1119,"Wii, Gaming Software",Out of Stock,SLEGWIIS382B,https://au.webuy.com/sell/product-detail?id=SLEGWIIS382B
"Fire Emblem: Radiant Dawn, Mint",144.00,168.00,240.00,24.00,60.0%,70.0%,Wii Rarities,1119,"Wii, Gaming Software",Out of Stock,SLEGWIIS382A,https://au.webuy.com/sell/product-detail?id=SLEGWIIS382A
